pid,male,Born_USA?,Born_White,Name_Change,drama,Birth,Final,Alive,Films,FourStar_Films,Wins,Noms,FirstFilm_Year,FirstWin_Year,FirstNom_Year
1,1,Yes,Yes,No,Yes,1913,1969,0,4,2,0,0,1954,,
2,1,Yes,Yes,No,No,1921,2001,1,37,4,0,0,1972,,
3,1,Yes,Yes,No,Yes,1962,2001,1,38,6,0,0,1980,,
4,1,Yes,Yes,Yes,No,1929,2001,1,45,1,0,0,1959,,
5,1,Yes,No,No,Yes,1934,1986,0,8,2,0,1,1969,,1984
6,1,Yes,Yes,No,Yes,1890,1963,0,139,23,0,1,1916,,1931
7,0,Yes,Yes,No,Yes,1909,1978,0,16,1,0,0,1935,,
8,0,Yes,Yes,No,Yes,1906,1974,0,85,20,0,4,1929,,1942
9,1,No,Yes,No,Yes,1899,1972,0,123,20,0,2,1932,,1936
10,1,Yes,Yes,No,No,1894,1972,0,29,2,0,0,1933,,
11,1,Yes,Yes,No,Yes,1927,1975,0,15,3,0,0,1964,,
12,1,Yes,Yes,No,Yes,1940,2001,1,31,16,1,8,1969,1992,1972
13,1,Yes,Yes,No,No,1934,2001,1,62,12,0,2,1957,,1966
14,1,No,Yes,No,Yes,1934,2001,1,58,17,0,1,1960,,1968
15,1,No,Yes,No,Yes,1909,1961,0,24,4,0,0,1936,,
16,1,No,Yes,No,Yes,1867,1952,0,38,7,0,1,1922,,1940
17,1,Yes,Yes,Yes,No,1947,2001,1,17,7,0,1,1974,,1987
18,1,No,Yes,No,Yes,1936,2001,1,42,15,0,5,1960,,1963
19,1,No,Yes,Yes,No,1914,2000,0,61,19,1,4,1934,1957,1952
20,1,Yes,Yes,No,No,1878,1960,0,5,2,0,0,1937,,
21,1,No,Yes,No,Yes,1907,1995,0,70,11,0,1,1939,,1944
22,0,No,Yes,No,Yes,1939,2001,1,64,5,0,0,1960,,
23,1,No,Yes,No,Yes,1916,1987,0,55,9,0,0,1946,,
24,1,No,Yes,No,No,1904,1957,0,22,4,0,0,1943,,
25,0,Yes,No,No,Yes,1953,2001,1,41,5,0,1,1978,,1983
26,1,Yes,Yes,No,No,1892,1977,0,7,0,0,1,1923,,1932
27,0,Yes,Yes,Yes,Yes,1938,2001,1,20,1,0,1,1968,,1970
28,0,Yes,Yes,No,Yes,1892,1939,0,74,8,1,2,1914,1937,1936
29,0,Yes,Yes,No,No,1926,2001,1,22,2,0,0,1954,,
30,0,Yes,Yes,No,Yes,1899,1991,0,44,13,0,1,1931,,1944
31,0,No,Yes,No,No,1946,2001,1,19,2,0,0,1976,,
32,0,Yes,Yes,No,No,1888,1974,0,86,15,0,0,1940,,
33,0,Yes,Yes,Yes,Yes,1931,1989,0,21,7,0,0,1950,,
34,0,No,Yes,No,Yes,1962,2001,1,19,3,0,0,1985,,
35,0,Yes,Yes,No,Yes,1957,2001,1,41,7,0,0,1981,,
36,0,Yes,Yes,No,Yes,1953,2001,1,27,5,0,1,1975,,1983
37,0,Yes,Yes,No,Yes,1951,2001,1,33,6,0,1,1981,,1985
38,0,Yes,Yes,No,Yes,1950,2001,1,30,6,0,0,1976,,
39,1,No,Yes,Yes,Yes,1909,1978,0,52,8,0,0,1938,,
40,1,Yes,No,No,No,1962,2001,1,14,3,0,0,1989,,
41,0,Yes,Yes,No,Yes,1916,1974,0,35,3,0,0,1940,,
42,0,Yes,Yes,Yes,Yes,1914,1974,0,14,1,0,1,1935,,1937
43,1,No,Yes,No,Yes,1907,1988,0,31,5,0,0,1937,,
44,1,No,No,Yes,Yes,1956,2001,1,27,3,0,1,1968,,1988
45,0,Yes,No,No,Yes,1958,2001,1,28,9,0,1,1985,,1993
46,0,Yes,Yes,No,No,1923,1978,0,23,1,0,0,1944,,
47,0,No,Yes,No,Yes,1925,2001,1,66,18,0,3,1944,,1944
48,0,Yes,Yes,No,Yes,1951,2001,1,41,13,1,3,1969,1985,1982
49,0,Yes,Yes,No,Yes,1928,2001,1,33,3,0,1,1944,,1945
50,0,No,Yes,No,Yes,1890,1961,0,14,3,0,0,1951,,
51,0,Yes,Yes,No,Yes,1914,2000,0,173,24,0,0,1970,,
52,0,Yes,Yes,Yes,Yes,1901,1981,0,41,4,0,1,1929,,1931
53,0,No,Yes,No,No,1941,2001,1,48,7,0,2,1961,,1971
54,0,No,Yes,No,Yes,1918,2001,1,18,4,0,0,1937,,
55,0,Yes,Yes,No,Yes,1891,1978,0,44,9,0,0,1933,,
56,0,Yes,Yes,Yes,No,1912,2001,0,79,6,0,1,1927,,1987
57,0,No,Yes,No,Yes,1909,1993,0,69,12,0,0,1931,,
58,0,Yes,Yes,No,Yes,1899,1959,0,28,1,0,0,1933,,
59,0,No,Yes,No,Yes,1907,1973,0,33,7,1,2,1941,1955,1955
60,0,No,Yes,No,Yes,1982,2001,1,5,2,1,1,1993,1993,1993
61,0,Yes,Yes,No,Yes,1947,2001,1,39,1,0,1,1972,,1987
62,0,Yes,Yes,Yes,Yes,1931,2001,1,59,8,1,5,1952,1962,1962
63,0,Yes,Yes,No,Yes,1923,1985,0,71,12,1,2,1940,1946,1946
64,0,Yes,Yes,No,Yes,1930,2001,1,78,14,0,0,1947,,
65,0,Yes,Yes,Yes,No,1893,1971,0,54,8,0,0,1935,,
66,0,Yes,Yes,No,Yes,1928,1988,0,36,3,0,1,1972,,1987
67,0,Yes,Yes,No,Yes,1903,1990,0,42,8,1,3,1934,1945,1943
68,0,Yes,Yes,Yes,Yes,1918,1993,0,53,7,0,1,1925,,1937
69,0,Yes,Yes,No,Yes,1958,2001,1,19,3,0,2,1986,,1990
70,0,No,Yes,Yes,Yes,1932,2001,1,55,5,0,1,1948,,1966
71,1,Yes,Yes,Yes,Yes,1928,2001,1,67,5,0,1,1957,,1957
72,1,Yes,Yes,No,No,1927,1988,0,52,13,0,0,1955,,
73,1,No,Yes,No,Yes,1937,2001,1,70,14,1,4,1960,1991,1968
74,1,No,Yes,No,Yes,1902,1977,0,38,10,0,0,1946,,
75,1,Yes,Yes,No,Yes,1932,1992,0,59,7,0,1,1953,,1956
76,1,No,Yes,No,Yes,1913,1989,0,68,13,0,1,1936,,1969
77,1,No,Yes,No,Yes,1916,2001,1,156,14,2,4,1936,1952,1952
78,1,Yes,Yes,No,Yes,1909,1975,0,96,3,0,0,1937,,
79,1,Yes,Yes,No,Yes,1889,1964,0,32,5,0,0,1935,,
80,0,Yes,Yes,No,No,1939,2001,1,26,1,0,0,1963,,
81,1,No,Yes,No,Yes,1930,2001,1,54,4,0,1,1964,,1996
82,1,Yes,Yes,No,No,1918,2001,1,108,11,1,1,1941,1974,1974
83,1,Yes,Yes,No,Yes,1914,1985,0,11,3,0,0,1942,,
84,1,Yes,Yes,No,No,1911,1979,0,56,7,0,1,1942,,1952
85,1,Yes,Yes,No,Yes,1914,1990,0,81,10,0,5,1918,,1949
86,1,Yes,Yes,No,Yes,1908,1981,0,69,8,0,2,1938,,1955
87,1,Yes,Yes,No,Yes,1908,1983,0,113,8,0,0,1941,,
88,0,No,Yes,Yes,No,1929,1993,0,30,11,1,5,1951,1953,1953
89,0,Yes,Yes,No,Yes,1918,2001,1,47,7,0,0,1944,,
90,0,Yes,Yes,No,Yes,1922,1990,0,72,10,0,1,1941,,1953
91,0,No,Yes,No,Yes,1923,1990,0,18,4,0,0,1956,,
92,1,Yes,Yes,No,No,1928,2001,1,16,2,0,0,1962,,
93,1,Yes,Yes,Yes,No,1949,2001,1,17,3,0,0,1982,,
94,0,Yes,Yes,Yes,Yes,1931,2001,1,31,6,0,1,1956,,1979
95,0,Yes,Yes,No,Yes,1927,1990,0,15,5,0,0,1954,,
96,0,Yes,Yes,No,Yes,1922,2001,1,15,4,0,1,1947,,1948
97,0,Yes,Yes,No,No,1922,2001,1,71,5,0,0,1943,,
98,0,Yes,Yes,Yes,No,1935,2001,1,29,5,0,1,1965,,1971
99,0,Yes,Yes,Yes,Yes,1948,2001,1,57,8,0,1,1968,,1969
100,0,Yes,Yes,No,Yes,1943,2001,1,4,0,0,0,1968,,
101,0,Yes,Yes,No,Yes,1909,1980,0,17,4,0,1,1937,,1937
102,0,No,Yes,No,No,1947,2001,1,19,2,0,0,1968,,
103,0,Yes,Yes,Yes,Yes,1907,1990,0,95,11,0,4,1927,,1937
104,0,Yes,Yes,No,Yes,1942,2001,1,30,7,1,2,1963,1968,1968
105,0,No,Yes,No,Yes,1924,2001,1,7,1,0,0,1944,,
106,1,Yes,Yes,No,Yes,1934,2001,1,18,1,0,0,1955,,
107,1,No,Yes,Yes,Yes,1888,1961,0,44,8,1,2,1930,1944,1944
108,1,Yes,Yes,No,Yes,1894,1971,0,21,8,0,0,1923,,
109,1,Yes,Yes,No,Yes,1958,2001,1,16,5,0,0,1975,,
110,1,Yes,Yes,Yes,Yes,1920,2001,1,35,3,0,0,1941,,
111,1,Yes,Yes,No,Yes,1938,2001,1,45,2,0,0,1968,,
112,1,Yes,Yes,Yes,Yes,1912,1994,0,104,7,0,0,1943,,
113,1,Yes,Yes,No,Yes,1937,1996,0,36,3,0,0,1968,,
114,1,No,Yes,No,Yes,1892,1967,0,103,22,0,2,1921,,1936
115,0,Yes,No,No,Yes,1926,2000,0,29,8,0,1,1959,,1967
116,0,Yes,Yes,No,Yes,1918,2001,1,26,5,1,1,1951,1976,1976
117,0,Yes,Yes,No,Yes,1976,2001,1,1,0,0,0,1984,,
118,0,Yes,Yes,No,Yes,1891,1932,0,35,3,0,0,1916,,
119,1,Yes,Yes,No,Yes,1972,2001,1,12,3,0,0,1987,,
120,1,Yes,Yes,No,No,1918,1996,0,79,16,1,1,1943,1971,1953
121,1,No,Yes,No,Yes,1943,2001,1,37,8,1,2,1973,1982,1982
122,1,Yes,Yes,No,Yes,1915,1989,0,47,10,0,0,1936,,
123,1,Yes,Yes,No,Yes,1900,1980,0,29,5,0,0,1937,,
124,1,Yes,No,No,Yes,1916,1987,0,55,4,0,0,1936,,
125,1,No,Yes,No,Yes,1938,2001,1,15,2,0,0,1957,,
126,1,Yes,Yes,No,No,1891,1971,0,131,10,0,0,1921,,
127,0,Yes,Yes,No,No,1900,1984,0,166,31,0,0,1923,,
128,0,Yes,Yes,Yes,Yes,1898,1986,0,98,9,0,1,1915,,1929
129,0,Yes,Yes,No,Yes,1952,2001,1,6,0,0,0,1984,,
130,0,Yes,Yes,Yes,Yes,1923,2001,1,22,6,0,1,1947,,1955
131,0,Yes,Yes,No,Yes,1929,2001,1,19,3,0,0,1953,,
132,0,Yes,Yes,No,Yes,1908,1989,0,122,26,2,11,1931,1935,1934
133,0,Yes,Yes,No,No,1945,2001,1,31,3,0,2,1966,,1979
134,0,Yes,Yes,No,Yes,1893,1972,0,90,9,0,0,1918,,
135,0,Yes,Yes,No,Yes,1897,1974,0,108,4,0,1,1916,,1929
136,0,Yes,Yes,No,Yes,1918,1973,0,22,9,0,0,1939,,
137,0,Yes,Yes,No,Yes,1938,2001,1,4,0,0,0,1956,,
138,0,Yes,Yes,No,Yes,1888,1981,0,66,14,0,2,1931,,1936
139,0,Yes,Yes,Yes,Yes,1926,2001,1,60,6,0,0,1940,,
140,1,Yes,Yes,No,Yes,1931,2001,1,13,2,0,0,1972,,
141,0,Yes,Yes,No,No,1885,1970,0,75,10,0,1,1916,,1938
142,1,Yes,Yes,No,No,1906,2001,1,141,14,0,0,1935,,
143,1,Yes,Yes,No,Yes,1955,2001,1,25,5,0,2,1987,,1996
144,1,Yes,Yes,No,No,1910,1984,0,11,3,0,0,1950,,
145,1,Yes,Yes,Yes,No,1901,1977,0,113,12,1,3,1930,1944,1944
146,0,Yes,Yes,No,Yes,1944,2001,1,42,10,0,0,1970,,
147,1,Yes,Yes,No,Yes,1942,2001,1,66,8,0,0,1969,,
148,1,Yes,Yes,No,Yes,1945,2001,1,36,8,0,0,1981,,
149,1,No,Yes,No,Yes,1942,2001,1,47,3,0,1,1972,,1986
150,1,Yes,Yes,Yes,No,1936,1973,0,23,2,0,1,1952,,1963
151,1,Yes,Yes,No,Yes,1931,1999,0,13,5,0,0,1938,,
152,0,Yes,Yes,No,Yes,1923,1988,0,57,8,0,1,1932,,1936
153,0,Yes,Yes,No,Yes,1929,2001,1,29,5,0,0,1974,,
154,1,Yes,Yes,Yes,Yes,1917,2001,1,39,7,0,0,1929,,
155,1,Yes,Yes,No,Yes,1950,2001,1,52,7,0,1,1975,,1975
156,1,Yes,Yes,No,Yes,1963,2001,1,20,5,0,1,1988,,1995
157,1,Yes,Yes,No,Yes,1931,2001,1,32,8,0,0,1972,,
158,1,Yes,Yes,No,Yes,1942,1972,0,14,4,0,1,1952,,1953
159,0,Yes,Yes,No,Yes,1946,2001,1,12,2,0,2,1980,,1996
160,0,No,Yes,No,No,1909,1996,0,9,3,0,0,1935,,
161,0,No,Yes,No,Yes,1944,2001,1,22,4,1,1,1964,1989,1989
162,0,No,No,Yes,Yes,1915,1992,0,18,2,0,0,1939,,
163,0,Yes,Yes,No,Yes,1939,2001,1,43,2,0,1,1969,,1975
164,1,No,Yes,No,Yes,1902,1986,0,44,7,0,1,1924,,1939
165,1,Yes,Yes,No,No,1936,1990,0,9,2,0,0,1965,,
166,1,No,Yes,No,No,1899,1972,0,107,11,0,1,1926,,1939
167,1,Yes,Yes,No,Yes,1910,1986,0,104,10,1,1,1931,1949,1949
168,0,Yes,Yes,No,Yes,1967,2001,1,12,3,0,0,1985,,
169,1,Yes,Yes,No,Yes,1946,2001,1,63,6,0,1,1969,,1990
170,1,Yes,Yes,No,Yes,1936,2001,1,71,16,0,1,1960,,1978
171,1,Yes,Yes,No,No,1934,2001,1,10,0,0,0,1975,,
172,1,No,Yes,Yes,No,1955,2001,1,33,8,0,0,1980,,
173,1,Yes,Yes,No,No,1915,1986,0,19,1,0,0,1937,,
174,1,Yes,Yes,No,Yes,1908,1997,0,122,14,0,2,1936,,1975
175,1,Yes,Yes,Yes,Yes,1909,1995,0,52,16,1,1,1946,1958,1958
176,1,Yes,Yes,No,Yes,1913,1994,0,97,31,1,4,1946,1960,1953
177,1,Yes,Yes,No,No,1936,2001,1,100,6,0,1,1959,,1997
178,1,Yes,Yes,Yes,Yes,1940,2001,1,58,4,0,1,1971,,1974
179,0,Yes,No,Yes,No,1911,1995,0,19,6,0,0,1939,,
180,1,Yes,Yes,No,Yes,1918,1994,0,166,12,0,0,1945,,
181,0,Yes,Yes,Yes,Yes,1946,2001,1,34,6,0,1,1966,,1971
182,0,Yes,Yes,No,Yes,1947,2001,1,29,3,0,1,1972,,1972
183,0,Yes,Yes,Yes,Yes,1925,2001,1,22,5,0,1,1943,,1958
184,1,Yes,Yes,No,No,1926,1959,0,99,16,0,0,1929,,
185,0,Yes,Yes,No,Yes,1940,2001,1,12,4,0,0,1975,,
186,1,No,No,No,No,1912,1986,0,8,0,0,0,1944,,
187,0,Yes,Yes,No,Yes,1914,1995,0,9,2,0,0,1953,,
188,0,Yes,Yes,No,No,1935,2001,1,8,4,0,0,1971,,
189,0,Yes,Yes,No,No,1933,2001,1,30,4,0,0,1963,,
190,0,Yes,Yes,No,No,1923,2001,1,14,2,0,1,1950,,1967
191,0,Yes,Yes,No,No,1952,2001,1,64,9,0,1,1969,,1975
192,0,Yes,Yes,Yes,No,1908,1942,0,75,9,0,1,1920,,1936
193,0,Yes,Yes,No,Yes,1964,2001,1,1,0,0,0,1991,,
194,0,Yes,Yes,No,Yes,1930,2001,1,6,1,0,0,1961,,
195,0,Yes,Yes,No,Yes,1929,1983,0,48,8,0,1,1952,,1957
196,0,Yes,Yes,No,Yes,1946,2001,1,35,3,0,1,1969,,1970
197,0,Yes,Yes,No,Yes,1931,2001,1,18,4,0,1,1953,,1956
198,0,Yes,Yes,No,Yes,1901,1974,0,32,2,0,0,1927,,
199,1,No,Yes,Yes,No,1904,1986,0,89,23,0,2,1932,,1937
200,0,Yes,Yes,No,No,1943,2001,1,8,1,0,1,1969,,1969
201,0,Yes,Yes,No,Yes,1918,2001,1,28,2,0,0,1924,,
202,0,No,Yes,Yes,Yes,1943,2001,1,73,6,0,1,1956,,1992
203,0,Yes,Yes,No,No,1961,2001,1,23,2,0,1,1980,,1980
204,0,Yes,Yes,Yes,Yes,1923,1970,0,19,5,0,0,1946,,
205,1,No,Yes,No,Yes,1921,1992,0,47,9,0,0,1958,,
206,1,No,Yes,No,No,1891,1973,0,104,19,0,2,1934,,1948
207,0,Yes,Yes,No,No,1919,2001,1,39,9,1,3,1946,1947,1947
208,0,No,Yes,No,Yes,1908,1982,0,16,6,0,1,1943,,1946
209,0,No,Yes,No,Yes,1897,1979,0,43,6,0,0,1934,,
210,0,Yes,Yes,No,Yes,1939,2001,1,9,2,0,0,1962,,
211,1,Yes,Yes,No,Yes,1889,1967,0,95,14,0,3,1929,,1943
212,1,No,Yes,No,Yes,1899,1978,0,80,14,0,4,1920,,1937
213,1,No,Yes,No,No,1889,1977,0,163,45,0,2,1914,,1928
214,1,Yes,Yes,No,Yes,1935,2001,1,30,4,0,0,1971,,
215,1,Yes,Yes,No,Yes,1877,1961,0,71,16,1,3,1934,1943,1941
216,1,Yes,Yes,No,Yes,1933,2001,1,93,18,0,2,1965,,1982
217,1,Yes,Yes,No,No,1935,2001,1,41,7,0,0,1964,,
218,1,Yes,Yes,No,No,1921,1978,0,59,6,0,0,1948,,
219,1,No,Yes,No,Yes,1888,1969,0,102,22,0,0,1930,,
220,1,No,Yes,No,Yes,1941,2001,1,4,2,0,0,1979,,
221,1,No,Yes,No,Yes,1899,1962,0,55,20,1,3,1929,1933,1933
222,1,Yes,Yes,No,No,1936,2001,1,67,8,0,0,1969,,
223,1,Yes,Yes,No,Yes,1925,2001,1,36,11,0,0,1964,,
224,1,No,Yes,No,No,1904,2001,1,52,0,0,0,1930,,
225,0,No,Yes,No,Yes,1946,2001,1,42,8,0,0,1956,,
226,1,Yes,Yes,Yes,Yes,1924,2001,1,99,16,1,1,1949,1959,1959
227,1,Yes,Yes,No,No,1951,2001,1,16,3,0,1,1983,,1994
228,0,Yes,Yes,Yes,Yes,1946,2001,1,22,4,1,2,1965,1987,1983
229,1,Yes,Yes,No,Yes,1901,1970,0,87,5,0,1,1917,,1929
230,1,No,No,Yes,Yes,1899,1981,0,11,3,0,1,1969,,1970
231,1,Yes,Yes,No,No,1903,1978,0,104,9,0,1,1934,,1960
232,1,No,Yes,No,Yes,1949,2001,1,53,5,0,0,1974,,
233,1,Yes,Yes,No,Yes,1942,2001,1,39,9,0,1,1974,,1975
234,1,Yes,No,No,No,1894,1953,0,78,12,0,0,1929,,
235,0,Yes,Yes,No,Yes,1950,2001,1,28,10,0,1,1978,,1984
236,1,Yes,Yes,No,Yes,1961,2001,1,30,3,0,0,1968,,
237,1,Yes,Yes,No,No,1938,2001,1,74,6,0,0,1975,,
238,1,Yes,Yes,No,Yes,1952,2001,1,42,2,0,0,1977,,
239,1,Yes,Yes,No,Yes,1943,2001,1,55,6,1,1,1968,1978,1978
240,1,Yes,Yes,No,No,1938,2001,1,36,3,0,0,1968,,
241,0,Yes,No,No,Yes,1933,2001,1,46,17,0,1,1959,,1972
242,0,Yes,Yes,No,No,1948,2001,1,32,5,0,0,1970,,
243,0,Yes,Yes,No,Yes,1913,1966,0,63,8,0,0,1940,,
244,0,Yes,Yes,Yes,Yes,1909,2001,1,71,11,1,3,1933,1948,1937
245,1,Yes,Yes,No,Yes,1959,2001,1,28,3,0,0,1983,,
246,1,No,Yes,No,No,1891,1970,0,69,8,0,0,1929,,
247,0,No,Yes,No,Yes,1880,1962,0,113,16,0,0,1914,,
248,1,Yes,Yes,No,Yes,1901,1960,0,56,15,1,3,1924,1934,1934
249,1,No,Yes,No,Yes,1889,1967,0,59,21,0,4,1933,,1939
250,1,Yes,Yes,No,No,1907,1985,0,17,2,0,0,1950,,
251,0,No,Yes,Yes,No,1903,1996,0,67,11,1,3,1927,1934,1934
253,1,Yes,Yes,No,Yes,1893,1953,0,150,14,0,0,1931,,
254,1,Yes,Yes,No,Yes,1936,2001,1,25,5,0,0,1969,,
255,1,Yes,Yes,No,Yes,1925,2001,1,79,6,1,1,1943,1968,1968
256,1,Yes,Yes,Yes,No,1893,1966,0,26,7,0,3,1924,,1944
257,1,Yes,Yes,No,Yes,1930,2001,1,72,17,0,1,1955,,1992
258,0,Yes,Yes,No,No,1926,2001,1,93,12,1,1,1955,1971,1971
259,1,Yes,Yes,No,Yes,1948,2001,1,43,3,0,0,1976,,
260,1,No,Yes,No,Yes,1930,1987,0,39,8,0,0,1961,,
261,1,No,Yes,No,Yes,1960,2001,1,19,6,0,0,1984,,
262,1,Yes,Yes,No,Yes,1896,1980,0,12,1,0,0,1929,,
263,1,No,Yes,No,Yes,1888,1968,0,61,12,0,0,1918,,
264,0,Yes,Yes,No,Yes,1924,1991,0,52,13,0,0,1959,,
265,0,Yes,Yes,No,Yes,1926,2001,1,1,1,0,1,1952,,1952
266,0,Yes,Yes,No,Yes,1943,2001,1,37,7,0,0,1975,,
267,0,Yes,Yes,No,No,1901,1985,0,88,11,0,0,1940,,
268,0,Yes,Yes,No,Yes,1880,1955,0,33,12,0,0,1935,,
269,1,No,Yes,No,Yes,1923,2001,1,17,3,0,0,1944,,
270,0,No,Yes,No,Yes,1929,2001,1,26,2,0,0,1947,,
271,0,Yes,Yes,No,Yes,1898,1979,0,21,1,0,1,1918,,1929
272,0,No,Yes,No,Yes,1937,2001,1,16,3,0,0,1961,,
273,1,Yes,Yes,No,Yes,1915,1989,0,44,2,0,1,1940,,1945
274,1,Yes,Yes,No,Yes,1946,2001,1,44,9,0,0,1971,,
275,1,Yes,Yes,No,Yes,1954,2001,1,25,3,0,0,1975,,
276,1,No,Yes,Yes,Yes,1882,1965,0,133,21,0,0,1914,,
277,1,Yes,Yes,No,No,1964,2001,1,23,5,0,0,1980,,
278,1,Yes,Yes,No,Yes,1968,2001,1,15,3,1,1,1988,1996,1996
279,0,Yes,Yes,No,Yes,1950,2001,1,30,4,0,0,1971,,
280,1,Yes,Yes,No,No,1893,1967,0,122,15,0,0,1922,,
281,1,Yes,Yes,No,No,1932,2001,1,79,10,0,0,1964,,
282,0,Yes,Yes,No,Yes,1897,2001,1,35,9,0,0,1922,,
283,1,No,Yes,No,No,1950,2001,1,78,13,0,1,1974,,1989
284,1,Yes,Yes,Yes,No,1917,1978,0,54,1,0,1,1940,,1948
285,1,No,Yes,No,Yes,1919,2001,1,64,6,0,1,1938,,1954
286,1,Yes,Yes,No,Yes,1915,1993,0,52,11,0,0,1942,,
287,0,Yes,Yes,No,Yes,1942,2001,1,19,6,0,0,1984,,
288,1,No,Yes,No,No,1907,1986,0,50,8,0,0,1946,,
289,1,No,Yes,No,Yes,1957,2001,1,17,8,1,2,1971,1989,1989
290,1,No,Yes,No,Yes,1933,1998,0,26,5,0,1,1943,,1968
291,1,Yes,Yes,No,Yes,1933,2001,1,70,15,0,1,1973,,1989
292,1,Yes,Yes,No,No,1944,2001,1,59,10,0,0,1968,,
293,1,Yes,No,No,Yes,1947,2001,1,44,10,0,0,1979,,
294,0,Yes,Yes,No,Yes,1960,2001,1,30,2,0,0,1978,,
295,1,Yes,Yes,No,No,1929,2001,1,8,1,0,0,1961,,
296,1,Yes,Yes,No,Yes,1952,2001,1,23,3,0,0,1956,,
297,1,Yes,Yes,No,Yes,1908,2001,1,30,9,0,0,1941,,
298,1,Yes,Yes,No,Yes,1943,2001,1,42,9,0,0,1973,,
299,1,Yes,Yes,No,Yes,1954,2001,1,38,3,0,0,1964,,
300,1,No,Yes,No,Yes,1933,2001,1,84,6,0,0,1950,,
301,1,No,Yes,No,No,1910,1983,0,114,17,1,1,1935,1958,1935
302,1,Yes,Yes,No,Yes,1954,2001,1,40,4,0,1,1979,,1992
303,1,Yes,Yes,No,Yes,1943,2001,1,24,3,0,0,1973,,
304,1,Yes,Yes,No,Yes,1921,1973,0,8,1,0,0,1961,,
305,1,No,Yes,No,Yes,1941,2001,1,93,12,0,0,1963,,
306,0,No,Yes,No,Yes,1930,1985,0,43,2,0,0,1951,,
307,1,Yes,Yes,No,Yes,1903,1991,0,103,18,1,1,1929,1949,1949
308,1,Yes,Yes,No,Yes,1935,2001,1,104,13,0,1,1945,,1988
309,0,Yes,Yes,Yes,No,1932,2001,1,56,8,0,1,1948,,1964
310,0,Yes,Yes,No,No,1957,2001,1,2,1,0,0,1965,,
311,0,No,Yes,No,Yes,1921,2001,1,57,19,0,6,1934,,1949
312,0,Yes,Yes,No,Yes,1953,2001,1,34,1,0,0,1973,,
313,0,Yes,Yes,No,Yes,1955,2001,1,21,4,0,3,1976,,1982
314,0,Yes,Yes,No,Yes,1905,1979,0,31,1,0,0,1923,,
315,0,Yes,Yes,Yes,Yes,1962,2001,1,32,1,0,0,1978,,
316,1,No,Yes,No,Yes,1922,1992,0,105,20,0,1,1949,,1986
317,1,No,Yes,No,Yes,1927,2001,1,20,5,0,0,1955,,
318,1,Yes,Yes,No,Yes,1936,2001,1,92,18,0,1,1953,,1955
319,1,Yes,No,No,Yes,1954,2001,1,36,7,1,4,1977,1989,1987
320,1,Yes,Yes,No,Yes,1898,1950,0,151,22,0,0,1931,,
321,1,Yes,Yes,No,Yes,1923,1990,0,6,2,0,1,1955,,1986
322,0,Yes,No,Yes,Yes,1935,2001,1,23,4,0,1,1954,,1974
323,0,Yes,Yes,No,Yes,1919,1997,0,21,2,0,0,1934,,
324,0,Yes,No,No,Yes,1944,2001,1,17,0,0,1,1972,,1972
325,0,Yes,Yes,No,Yes,1955,2001,1,31,1,0,1,1977,,1980
326,0,No,Yes,Yes,Yes,1906,1964,0,18,2,0,1,1932,,1933
327,0,No,Yes,No,Yes,1933,2001,1,30,5,0,1,1952,,1963
328,0,Yes,Yes,Yes,Yes,1946,2001,1,39,13,1,3,1970,1977,1974
329,0,Yes,Yes,No,Yes,1938,1992,0,11,2,0,1,1957,,1957
330,0,Yes,Yes,Yes,Yes,1939,2001,1,50,6,0,3,1961,,1974
331,0,Yes,Yes,No,Yes,1948,2001,1,25,6,2,3,1980,1986,1986
332,1,Yes,Yes,No,Yes,1930,2001,1,14,2,0,0,1954,,
333,1,Yes,Yes,No,Yes,1910,1979,0,94,4,0,0,1934,,
334,1,Yes,Yes,No,No,1928,2001,1,56,2,0,0,1941,,
335,0,Yes,Yes,Yes,Yes,1928,2001,1,41,5,0,0,1957,,
336,1,Yes,Yes,Yes,No,1908,1993,0,78,10,1,1,1935,1985,1985
337,1,Yes,Yes,No,Yes,1899,2001,1,83,19,0,0,1932,,
338,1,Yes,Yes,No,Yes,1929,2001,1,63,7,0,1,1947,,1956
339,1,Yes,Yes,No,Yes,1920,1998,0,63,9,0,0,1943,,
340,1,Yes,Yes,No,No,1902,1988,0,34,2,0,0,1928,,
341,1,No,Yes,No,Yes,1943,1999,0,26,5,0,0,1966,,
342,1,No,Yes,No,Yes,1880,1974,0,161,29,1,1,1910,1941,1941
343,1,No,Yes,No,Yes,1919,1995,0,184,16,0,0,1955,,
344,1,No,Yes,No,Yes,1935,2001,1,96,12,0,0,1957,,
345,0,Yes,Yes,No,No,1957,2001,1,13,1,0,0,1981,,
346,0,Yes,Yes,Yes,Yes,1921,1986,0,48,8,1,1,1931,1953,1945
347,0,Yes,Yes,No,No,1911,1983,0,67,6,0,0,1937,,
348,0,Yes,Yes,Yes,No,1924,2001,1,40,5,0,1,1948,,1959
349,0,No,Yes,No,Yes,1899,1968,0,155,24,0,0,1925,,
350,0,Yes,Yes,Yes,Yes,1929,2001,1,40,5,0,0,1961,,
351,0,Yes,Yes,No,Yes,1898,1975,0,18,4,0,0,1933,,
352,0,Yes,Yes,No,No,1920,1968,0,23,7,0,0,1946,,
353,0,No,Yes,No,Yes,1925,1992,0,29,7,0,0,1949,,
354,0,Yes,No,No,Yes,1923,1965,0,26,3,0,1,1940,,1954
355,0,No,Yes,No,Yes,1903,1990,0,51,0,0,0,1920,,
356,0,Yes,Yes,Yes,Yes,1925,2001,1,75,6,1,1,1942,1956,1956
357,0,Yes,Yes,No,Yes,1919,2001,1,40,11,0,1,1943,,1947
358,0,No,Yes,Yes,Yes,1922,1987,0,37,6,0,0,1944,,
359,0,Yes,Yes,No,Yes,1889,1955,0,87,16,0,0,1935,,
360,0,Yes,Yes,No,Yes,1944,1983,0,2,0,0,0,1975,,
361,0,Yes,Yes,No,Yes,1968,2001,1,15,4,0,0,1984,,
362,1,Yes,Yes,Yes,Yes,1910,1960,0,48,11,0,0,1939,,
363,1,No,Yes,No,Yes,1909,1961,0,50,16,0,0,1931,,
364,1,Yes,Yes,No,No,1907,1994,0,145,15,0,0,1938,,
365,1,No,Yes,No,No,1935,2001,1,47,2,0,1,1962,,1981
366,1,Yes,Yes,No,Yes,1937,2001,1,37,14,2,7,1967,1979,1967
367,0,Yes,Yes,Yes,No,1939,2001,1,37,2,0,2,1960,,1969
368,0,Yes,Yes,No,Yes,1937,2001,1,8,2,0,0,1981,,
369,1,Yes,Yes,No,Yes,1885,1966,0,36,2,0,0,1916,,
370,1,Yes,Yes,No,Yes,1928,2001,1,55,10,0,0,1952,,
371,1,Yes,Yes,No,Yes,1901,1970,0,49,9,1,1,1947,1962,1962
372,1,Yes,Yes,No,Yes,1950,2001,1,40,8,0,3,1971,,1995
373,1,Yes,Yes,Yes,No,1886,1966,0,38,5,0,1,1927,,1959
374,1,Yes,Yes,Yes,Yes,1908,2001,1,126,14,0,2,1938,,1953
375,1,Yes,Yes,No,No,1930,1995,0,9,1,0,0,1971,,
376,1,Yes,Yes,No,No,1890,1965,0,72,4,0,0,1921,,
377,1,No,Yes,No,Yes,1903,1952,0,60,2,0,0,1936,,
378,1,Yes,Yes,No,No,1907,1964,0,50,4,0,0,1940,,
379,0,Yes,Yes,No,Yes,1912,1977,0,20,4,0,0,1941,,
380,0,No,Yes,No,Yes,1888,1976,0,22,4,0,3,1915,,1963
381,0,Yes,Yes,No,Yes,1899,1980,0,48,9,0,0,1941,,
382,0,Yes,Yes,No,No,1894,1962,0,5,0,0,0,1939,,
383,1,Yes,Yes,No,Yes,1915,1985,0,87,18,1,2,1938,1954,1954
384,1,No,Yes,No,Yes,1924,2001,1,47,2,0,0,1953,,
385,1,No,Yes,No,Yes,1875,1959,0,83,13,1,2,1927,1947,1947
386,0,Yes,Yes,No,No,1883,1942,0,48,11,0,1,1923,,1939
387,1,Yes,Yes,Yes,Yes,1890,1956,0,96,14,0,0,1920,,
388,1,Yes,Yes,No,No,1886,1970,0,108,15,0,0,1922,,
389,1,No,Yes,No,Yes,1937,2001,1,45,6,0,0,1963,,
390,1,Yes,Yes,No,No,1902,1964,0,204,13,0,0,1931,,
391,1,Yes,Yes,Yes,Yes,1943,2001,1,57,8,0,0,1972,,
392,1,Yes,Yes,No,Yes,1947,2001,1,36,7,0,1,1974,,1988
393,1,Yes,Yes,No,Yes,1969,2001,1,6,2,0,2,1996,,1996
394,1,Yes,Yes,No,Yes,1909,1980,0,34,7,0,0,1945,,
395,0,Yes,Yes,No,Yes,1935,2001,1,57,5,0,1,1967,,1971
396,0,Yes,Yes,No,Yes,1919,2001,1,35,5,1,2,1952,1972,1956
397,0,No,Yes,Yes,Yes,1919,2001,1,10,1,0,0,1947,,
398,0,No,Yes,No,Yes,1879,1961,0,67,15,0,0,1931,,
399,0,Yes,Yes,Yes,No,1932,2001,1,12,3,0,0,1967,,
400,0,Yes,Yes,No,Yes,1947,2001,1,2,1,0,0,1968,,
401,0,No,Yes,No,Yes,1934,2001,1,25,7,0,0,1965,,
402,0,Yes,Yes,No,Yes,1922,2001,1,61,6,0,3,1941,,1950
403,0,No,Yes,Yes,Yes,1898,1986,0,13,1,0,1,1924,,1935
404,0,Yes,Yes,No,No,1963,2001,1,22,3,0,1,1984,,1995
405,0,No,Yes,No,Yes,1908,1990,0,48,3,0,0,1931,,
406,0,Yes,Yes,No,Yes,1941,1987,0,9,2,0,1,1965,,1965
407,0,Yes,Yes,No,Yes,1961,2001,1,27,5,0,1,1980,,1981
408,0,No,Yes,No,Yes,1932,2001,1,78,17,2,5,1942,1960,1957
409,0,Yes,No,No,Yes,1917,1996,0,19,1,0,0,1942,,
410,0,Yes,Yes,Yes,Yes,1932,2001,1,58,15,1,6,1961,1974,1971
411,0,Yes,Yes,No,Yes,1914,1999,0,97,13,0,1,1941,,1948
412,1,Yes,Yes,Yes,No,1938,2001,1,88,12,0,1,1964,,1969
413,1,Yes,Yes,No,No,1920,2001,1,20,4,0,0,1940,,
414,0,No,Yes,Yes,No,1902,1986,0,61,17,0,2,1927,,1949
415,1,No,Yes,Yes,Yes,1884,1950,0,33,8,2,2,1914,1928,1928
416,1,Yes,Yes,No,No,1926,1965,0,2,0,0,0,1953,,
417,0,Yes,Yes,No,Yes,1967,2001,1,5,3,0,2,1996,,1996
418,0,No,Yes,No,Yes,1959,2001,1,18,7,1,4,1988,1992,1992
419,1,Yes,Yes,No,Yes,1893,1969,0,258,20,0,0,1934,,
420,1,No,Yes,No,Yes,1905,1987,0,47,8,0,0,1932,,
421,1,Yes,Yes,No,Yes,1886,1971,0,4,1,0,0,1949,,
422,1,Yes,Yes,No,Yes,1956,2001,1,52,5,0,1,1978,,1985
423,1,Yes,Yes,No,Yes,1961,2001,1,48,6,0,0,1978,,
424,1,No,Yes,No,Yes,1885,1957,0,68,13,0,1,1915,,1950
425,1,Yes,Yes,No,Yes,1915,2001,1,119,19,1,1,1951,1955,1955
426,1,No,Yes,No,Yes,1906,1987,0,61,11,0,0,1931,,
427,0,Yes,Yes,No,Yes,1927,2001,1,25,5,1,2,1944,1967,1967
428,0,Yes,Yes,No,Yes,1899,1958,0,27,4,0,0,1920,,
429,0,Yes,No,No,Yes,1933,1998,0,24,4,0,0,1964,,
430,0,Yes,Yes,Yes,Yes,1879,1959,0,31,5,1,4,1914,1944,1944
431,0,Yes,No,No,No,1896,1977,0,17,5,0,1,1929,,1949
432,0,Yes,Yes,No,No,1917,1998,0,19,1,0,0,1934,,
433,1,Yes,Yes,No,No,1889,1954,0,157,17,0,0,1913,,
434,0,No,Yes,No,Yes,1899,1991,0,3,1,0,1,1955,,1980
435,0,Yes,Yes,Yes,No,1912,1990,0,78,8,0,1,1929,,1937
436,0,Yes,Yes,No,Yes,1930,2001,1,17,0,0,0,1957,,
437,0,Yes,Yes,No,Yes,1924,2001,1,38,9,1,1,1950,1954,1954
438,0,Yes,Yes,No,Yes,1897,1988,0,56,5,0,0,1920,,
439,0,Yes,Yes,No,Yes,1919,2001,1,50,7,0,0,1938,,
440,0,Yes,Yes,No,No,1895,1958,0,15,2,0,0,1949,,
441,0,Yes,Yes,No,Yes,1913,1993,0,24,2,0,0,1933,,
442,1,Yes,Yes,No,Yes,1901,1953,0,16,5,0,0,1932,,
443,0,Yes,Yes,No,Yes,1903,1959,0,33,12,0,0,1933,,
444,1,Yes,Yes,No,Yes,1939,2001,1,41,6,1,1,1971,1984,1973
445,0,No,Yes,No,Yes,1922,2001,1,29,3,0,0,1941,,
446,0,Yes,Yes,No,Yes,1891,1968,0,42,9,1,3,1934,1938,1938
447,0,Yes,Yes,No,Yes,1913,2001,1,41,6,0,0,1937,,
448,0,Yes,Yes,No,Yes,1941,2001,1,63,9,1,3,1967,1976,1967
449,0,Yes,Yes,No,Yes,1880,1951,0,46,9,0,0,1930,,
450,1,No,Yes,Yes,Yes,1915,1994,0,131,9,0,0,1946,,
451,0,No,Yes,No,Yes,1958,2001,1,16,2,0,0,1984,,
452,0,No,Yes,No,Yes,1902,1984,0,51,8,0,1,1931,,1946
453,0,Yes,Yes,Yes,No,1888,1954,0,66,12,0,0,1937,,
454,0,Yes,Yes,Yes,Yes,1901,1988,0,17,3,0,0,1929,,
455,0,Yes,Yes,No,Yes,1904,1980,0,50,6,0,0,1929,,
456,0,Yes,Yes,No,Yes,1889,1949,0,4,0,0,0,1921,,
457,1,Yes,No,No,Yes,1961,2001,1,34,6,0,0,1982,,
458,1,Yes,Yes,No,No,1919,1986,0,96,7,0,0,1940,,
459,0,Yes,Yes,No,No,1957,2001,1,23,2,0,0,1977,,
460,0,Yes,Yes,Yes,Yes,1907,2001,1,49,5,0,0,1929,,
461,0,Yes,Yes,No,Yes,1957,2001,1,27,10,1,3,1984,1996,1988
462,0,Yes,Yes,No,Yes,1908,2001,1,83,8,0,0,1931,,
463,1,Yes,Yes,No,Yes,1905,1968,0,73,8,0,1,1932,,1935
464,1,Yes,Yes,No,Yes,1893,1963,0,80,9,0,0,1928,,
465,1,No,Yes,No,Yes,1890,1964,0,75,12,0,0,1930,,
466,1,Yes,Yes,No,Yes,1910,1981,0,56,8,0,0,1951,,
467,1,Yes,Yes,No,Yes,1907,1985,0,161,21,0,0,1936,,
468,1,No,Yes,No,Yes,1926,2001,1,60,9,0,1,1962,,1965
469,1,Yes,Yes,No,No,1878,1960,0,111,6,0,0,1931,,
470,1,Yes,Yes,No,Yes,1925,2001,1,33,5,0,0,1944,,
471,1,Yes,Yes,No,Yes,1899,1981,0,119,14,0,0,1930,,
472,1,Yes,Yes,No,No,1887,1967,0,77,18,0,0,1928,,
473,1,Yes,Yes,Yes,No,1890,1949,0,111,11,0,2,1916,,1934
474,1,Yes,Yes,No,Yes,1909,1992,0,55,7,0,0,1940,,
475,1,Yes,Yes,No,No,1884,1973,0,154,14,0,0,1921,,
476,1,Yes,Yes,No,No,1915,1998,0,109,16,1,2,1941,1953,1953
477,1,No,Yes,No,Yes,1926,1994,0,13,1,0,0,1958,,
478,1,Yes,Yes,No,Yes,1963,2001,1,30,8,0,0,1987,,
479,1,Yes,Yes,No,No,1894,1958,0,176,16,0,0,1926,,
480,1,Yes,Yes,Yes,No,1899,1987,0,67,19,0,1,1915,,1974
481,1,Yes,Yes,No,Yes,1943,2001,1,25,6,0,0,1985,,
482,1,Yes,Yes,No,No,1889,1938,0,92,7,0,0,1920,,
483,1,Yes,Yes,No,No,1908,1991,0,98,9,0,0,1929,,
484,1,Yes,Yes,No,No,1913,1957,0,92,4,0,0,1946,,
485,1,Yes,Yes,No,No,1942,2001,1,3,1,0,0,1978,,
486,1,Yes,Yes,No,Yes,1938,2001,1,62,13,0,1,1972,,1979
487,1,Yes,Yes,Yes,Yes,1897,1975,0,79,20,2,5,1929,1932,1931
488,0,No,Yes,No,Yes,1900,1976,0,48,6,0,0,1935,,
489,1,No,Yes,No,No,1900,1993,0,119,6,0,0,1920,,
490,0,Yes,Yes,Yes,No,1911,1980,0,62,7,0,0,1932,,
491,0,Yes,Yes,No,Yes,1899,1985,0,43,8,1,2,1936,1936,1936
492,1,Yes,Yes,No,Yes,1944,2001,1,66,8,0,1,1971,,1974
493,1,Yes,Yes,No,Yes,1901,1961,0,111,22,2,5,1925,1941,1936
494,1,Yes,Yes,No,Yes,1921,1999,0,3,2,0,0,1974,,
495,1,Yes,Yes,No,No,1936,2001,1,23,1,0,0,1965,,
496,1,Yes,Yes,No,Yes,1955,2001,1,14,6,0,1,1986,,1994
497,1,Yes,Yes,No,No,1930,2001,1,47,5,0,0,1958,,
498,1,Yes,Yes,No,Yes,1926,2001,1,40,7,0,0,1967,,
499,0,Yes,Yes,No,No,1957,2001,1,18,4,1,2,1982,1988,1988
500,0,Yes,Yes,No,Yes,1934,2001,1,40,7,0,2,1958,,1968
501,1,Yes,Yes,No,Yes,1931,2001,1,74,14,2,5,1961,1971,1967
502,1,Yes,Yes,No,No,1912,1996,0,59,15,0,1,1942,,1945
503,1,No,Yes,No,Yes,1891,1957,0,117,16,0,1,1922,,1938
504,1,Yes,Yes,No,No,1921,2001,1,17,5,0,0,1965,,
505,0,Yes,Yes,No,Yes,1920,1991,0,39,10,0,1,1940,,1945
506,1,Yes,Yes,Yes,No,1935,2001,1,24,6,0,1,1967,,1967
507,0,Yes,Yes,No,Yes,1907,1949,0,38,0,0,0,1930,,
508,0,No,Yes,No,Yes,1942,2001,1,42,4,0,1,1963,,1969
509,1,No,Yes,No,No,1951,2001,1,15,4,1,3,1981,1996,1996
510,1,No,Yes,Yes,Yes,1868,1946,0,26,6,1,2,1921,1930,1930
511,1,No,Yes,No,Yes,1931,1976,0,38,6,0,0,1953,,
512,1,Yes,Yes,No,Yes,1882,1956,0,65,9,0,1,1921,,1929
513,1,Yes,Yes,No,No,1862,1945,0,88,11,0,0,1924,,
514,1,Yes,Yes,Yes,No,1896,1996,0,65,6,1,1,1931,1975,1975
515,1,Yes,Yes,No,Yes,1926,1999,0,61,15,1,4,1959,1970,1959
516,1,Yes,Yes,No,Yes,1934,2001,1,24,2,1,1,1953,1961,1961
517,1,Yes,Yes,No,Yes,1875,1957,0,14,4,0,0,1935,,
518,1,No,Yes,No,Yes,1903,1989,0,82,8,0,0,1933,,
519,1,Yes,Yes,No,Yes,1925,2001,1,107,13,1,1,1961,1967,1967
520,1,Yes,Yes,No,Yes,1900,1952,0,88,14,0,0,1925,,
521,1,Yes,Yes,No,Yes,1928,2001,1,25,1,0,0,1960,,
522,1,Yes,Yes,No,Yes,1895,1959,0,65,5,0,0,1928,,
523,1,Yes,Yes,Yes,Yes,1914,1959,0,81,9,0,0,1939,,
524,1,No,Yes,No,Yes,1906,1972,0,132,12,1,1,1936,1950,1940
525,1,Yes,Yes,No,No,1934,2001,1,62,11,0,1,1961,,1965
526,1,No,Yes,No,Yes,1899,1948,0,50,10,0,0,1935,,
527,1,Yes,Yes,No,Yes,1901,1980,0,61,13,0,0,1938,,
528,1,No,Yes,No,Yes,1924,2001,1,7,2,0,0,1960,,
529,0,Yes,Yes,No,No,1892,1950,0,11,3,0,0,1928,,
530,0,Yes,Yes,No,Yes,1944,2001,1,64,9,0,0,1952,,
531,0,No,Yes,No,Yes,1914,2001,1,65,10,0,1,1934,,1939
532,0,Yes,Yes,No,Yes,1924,1987,0,48,4,1,8,1953,1985,1953
533,1,No,Yes,No,Yes,1948,2001,1,97,18,0,1,1965,,1990
534,1,No,No,No,Yes,1958,2001,1,36,4,0,0,1979,,
535,1,No,Yes,No,Yes,1942,2001,1,61,4,0,1,1967,,1976
536,1,Yes,Yes,Yes,Yes,1913,1978,0,81,11,1,3,1941,1969,1951
537,1,No,Yes,No,Yes,1899,1999,0,48,10,0,0,1933,,
538,1,No,Yes,No,Yes,1905,1994,0,105,9,0,0,1925,,
539,0,Yes,Yes,Yes,No,1911,1995,0,87,15,1,1,1930,1940,1940
540,0,No,Yes,No,Yes,1888,1971,0,42,17,0,3,1934,,1942
541,0,Yes,Yes,Yes,Yes,1904,1954,0,35,4,0,1,1920,,1936
542,0,Yes,Yes,No,No,1904,1971,0,78,7,0,0,1929,,
543,0,No,Yes,No,Yes,1936,2001,1,41,8,2,4,1963,1970,1970
544,0,Yes,Yes,No,Yes,1947,2001,1,45,13,0,5,1979,,1982
545,0,Yes,Yes,Yes,Yes,1924,1981,0,46,10,1,2,1944,1952,1947
546,0,Yes,Yes,No,Yes,1925,2001,1,32,2,0,0,1934,,
547,0,No,Yes,No,Yes,1908,1991,0,34,5,0,0,1936,,
548,0,Yes,Yes,No,Yes,1910,2001,1,55,8,0,1,1930,,1997
549,0,Yes,Yes,Yes,Yes,1897,1983,0,60,7,0,3,1915,,1928
550,0,No,Yes,No,Yes,1923,2001,1,67,9,0,1,1938,,1960
551,0,Yes,Yes,Yes,No,1945,2001,1,30,2,1,2,1968,1969,1969
552,0,Yes,Yes,No,Yes,1929,1982,0,18,7,1,2,1951,1954,1953
553,0,Yes,Yes,No,No,1930,2001,1,14,5,0,0,1959,,
554,0,Yes,Yes,No,No,1883,1972,0,6,1,0,0,1950,,
555,0,Yes,Yes,No,No,1901,1947,0,10,2,0,1,1930,,1934
556,0,Yes,Yes,No,Yes,1903,1992,0,21,1,0,0,1935,,
557,1,Yes,Yes,No,No,1908,1995,0,148,15,0,0,1925,,
558,1,No,No,No,Yes,1952,2001,1,24,3,0,1,1983,,1990
559,1,Yes,Yes,No,Yes,1907,1972,0,2,1,0,0,1955,,
560,0,Yes,Yes,No,Yes,1927,1985,0,10,1,0,1,1962,,1964
561,0,No,Yes,No,Yes,1903,1996,0,29,9,1,7,1939,1942,1939
562,1,Yes,Yes,No,No,1963,2001,1,5,1,0,1,1994,,1997
563,1,Yes,Yes,No,Yes,1939,2001,1,33,3,0,0,1968,,
564,1,No,Yes,No,No,1908,1982,0,62,6,0,0,1945,,
565,1,Yes,Yes,No,Yes,1916,2001,1,69,21,1,5,1943,1962,1945
566,1,Yes,Yes,No,Yes,1932,2001,1,35,4,0,0,1952,,
567,0,No,Yes,Yes,Yes,1905,1990,0,35,7,0,4,1921,,1930
568,0,No,Yes,No,No,1914,1993,0,9,1,0,0,1936,,
569,1,No,Yes,No,No,1906,1973,0,60,4,0,0,1935,,
570,1,Yes,Yes,No,Yes,1907,1962,0,11,1,0,0,1943,,
571,1,No,Yes,No,Yes,1940,1996,0,19,2,1,1,1984,1984,1984
572,1,Yes,Yes,No,Yes,1925,2001,1,67,16,0,0,1966,,
573,1,Yes,Yes,No,No,1901,1992,0,132,17,0,0,1936,,
574,1,Yes,Yes,No,Yes,1896,1990,0,44,3,0,0,1933,,
575,1,No,Yes,No,Yes,1928,2001,1,58,3,0,0,1943,,
576,1,Yes,Yes,No,Yes,1880,1952,0,82,11,0,0,1935,,
577,0,Yes,Yes,No,Yes,1953,2001,1,16,1,0,0,1983,,
578,1,No,Yes,No,Yes,1902,1987,0,37,11,0,0,1950,,
579,1,No,Yes,No,Yes,1914,2001,1,3,1,1,1,1946,1946,1946
580,0,No,Yes,No,Yes,1921,2001,1,8,2,0,0,1948,,
581,1,Yes,Yes,No,Yes,1942,2001,1,46,11,0,1,1966,,1985
582,1,Yes,Yes,No,Yes,1895,1967,0,41,5,0,0,1936,,
583,1,Yes,Yes,No,Yes,1905,1993,0,27,5,0,0,1939,,
584,1,Yes,Yes,Yes,No,1878,1947,0,161,11,0,1,1912,,1939
585,1,Yes,Yes,No,Yes,1891,1954,0,166,25,0,0,1925,,
586,1,Yes,Yes,No,No,1893,1958,0,13,4,0,0,1927,,
587,1,Yes,Yes,No,Yes,1866,1949,0,122,20,0,0,1915,,
588,1,Yes,Yes,No,Yes,1901,1985,0,25,5,0,0,1937,,
589,1,Yes,Yes,No,Yes,1887,1946,0,87,16,0,0,1919,,
590,1,Yes,Yes,No,No,1894,1966,0,29,3,0,0,1931,,
591,1,Yes,Yes,No,Yes,1939,2001,1,71,13,0,1,1968,,1991
592,0,Yes,No,No,No,1895,1952,0,85,15,1,1,1932,1939,1939
593,1,No,Yes,No,Yes,1876,1958,0,124,14,0,1,1914,,1937
594,0,Yes,Yes,No,Yes,1970,2001,1,25,3,0,0,1984,,
595,0,No,Yes,No,Yes,1935,1994,0,11,3,0,0,1956,,
596,0,Yes,Yes,No,Yes,1897,1940,0,40,2,0,0,1917,,
597,0,Yes,Yes,No,Yes,1897,1990,0,73,9,0,0,1916,,
598,0,Yes,Yes,No,No,1937,2001,1,22,4,0,0,1976,,
599,0,Yes,Yes,Yes,Yes,1900,1993,0,45,5,2,2,1924,1932,1932
600,0,Yes,Yes,No,Yes,1963,2001,1,38,5,1,1,1973,1997,1997
601,0,No,Yes,No,Yes,1946,2001,1,47,12,0,1,1968,,1994
602,0,No,Yes,No,Yes,1951,2001,1,52,4,0,0,1976,,
603,0,Yes,Yes,No,Yes,1907,1999,0,43,5,0,0,1930,,
604,0,Yes,Yes,Yes,Yes,1928,1998,0,37,6,0,0,1934,,
605,0,No,Yes,No,Yes,1966,2001,1,21,4,0,1,1985,,1992
606,1,No,Yes,No,Yes,1940,2001,1,31,3,0,0,1958,,
607,1,Yes,Yes,No,Yes,1905,1982,0,125,32,1,2,1935,1981,1940
608,1,Yes,Yes,No,No,1928,2001,1,88,4,0,0,1952,,
609,1,No,Yes,Yes,Yes,1871,1956,0,89,10,0,0,1917,,
610,1,No,Yes,Yes,Yes,1874,1965,0,52,14,0,1,1933,,1942
611,1,Yes,Yes,No,Yes,1902,1974,0,22,2,0,0,1929,,
612,1,No,Yes,No,Yes,1883,1952,0,64,9,0,0,1917,,
613,1,No,Yes,No,Yes,1898,1939,0,49,5,0,0,1931,,
614,1,Yes,Yes,No,Yes,1911,2001,1,29,4,0,0,1940,,
615,1,No,Yes,No,Yes,1889,1947,0,91,11,0,0,1929,,
616,0,No,Yes,No,Yes,1906,1986,0,46,11,0,1,1927,,1959
617,0,Yes,Yes,No,Yes,1890,1973,0,31,14,0,0,1938,,
618,0,No,Yes,No,Yes,1939,2001,1,8,1,0,0,1970,,
619,0,Yes,Yes,Yes,No,1914,1999,0,74,5,0,0,1939,,
620,0,Yes,Yes,No,Yes,1958,2001,1,27,10,1,3,1981,1993,1987
621,0,Yes,Yes,No,No,1897,1960,0,26,3,0,1,1929,,1950
622,0,Yes,Yes,No,Yes,1931,2001,1,37,5,0,1,1956,,1957
623,0,Yes,Yes,No,Yes,1901,1979,0,25,6,0,0,1957,,
624,1,Yes,No,No,Yes,1950,1996,0,26,4,0,1,1978,,1981
625,1,Yes,Yes,No,No,1899,1967,0,69,9,0,0,1943,,
626,1,No,Yes,No,No,1912,1980,0,65,9,1,2,1941,1959,1959
627,1,No,Yes,No,Yes,1911,2001,1,51,17,0,1,1943,,1944
628,1,Yes,Yes,No,Yes,1899,1957,0,95,19,1,3,1930,1951,1943
629,1,No,Yes,No,Yes,1928,1999,0,73,6,0,1,1956,,1965
630,1,No,Yes,Yes,Yes,1931,2001,1,56,16,0,1,1938,,1968
631,1,Yes,Yes,No,Yes,1896,1992,0,172,26,0,0,1932,,
632,0,No,Yes,Yes,Yes,1899,1980,0,3,1,0,1,1939,,1966
633,0,Yes,Yes,No,No,1883,1964,0,62,8,0,0,1925,,
634,1,Yes,Yes,No,Yes,1947,2001,1,14,2,0,0,1983,,
635,0,Yes,Yes,No,No,1964,2001,1,19,4,0,0,1987,,
636,0,No,No,Yes,No,1956,2001,1,12,1,0,0,1979,,
637,0,No,Yes,No,Yes,1961,2001,1,14,2,0,0,1982,,
638,0,Yes,Yes,No,Yes,1932,2001,1,9,2,0,0,1962,,
639,0,No,Yes,No,Yes,1915,1982,0,56,12,3,7,1934,1944,1943
640,1,No,Yes,No,Yes,1925,1994,0,80,2,0,0,1956,,
641,0,Yes,Yes,No,Yes,1890,1965,0,23,5,0,0,1919,,
642,0,Yes,Yes,No,Yes,1898,1990,0,42,11,0,5,1930,,1931
643,0,No,Yes,No,No,1902,1987,0,111,9,0,0,1937,,
644,0,No,Yes,No,Yes,1926,2001,1,50,4,0,0,1953,,
645,0,Yes,Yes,No,Yes,1930,1976,0,1,1,0,0,1963,,
646,0,No,Yes,No,Yes,1905,1982,0,38,2,0,0,1934,,
647,0,Yes,Yes,No,Yes,1913,1972,0,69,12,0,0,1932,,
648,0,Yes,No,No,Yes,1917,2001,1,17,1,0,0,1967,,
649,0,Yes,Yes,No,No,1896,1968,0,53,3,0,0,1930,,
650,0,No,Yes,No,Yes,1952,2001,1,29,5,0,0,1976,,
651,0,No,Yes,No,Yes,1955,2001,1,26,6,0,2,1969,,1975
652,0,No,Yes,Yes,Yes,1893,1981,0,62,8,0,0,1916,,
653,1,No,Yes,No,Yes,1875,1951,0,94,13,0,0,1916,,
654,1,Yes,Yes,No,Yes,1897,1973,0,182,21,0,2,1930,,1943
655,1,Yes,Yes,No,Yes,1907,1981,0,56,8,1,1,1931,1968,1968
656,1,Yes,Yes,Yes,No,1907,1990,0,32,3,0,1,1944,,1973
657,1,No,Yes,No,Yes,1930,2001,1,24,3,0,0,1958,,
658,1,Yes,Yes,No,Yes,1888,1951,0,135,5,0,0,1914,,
659,1,Yes,Yes,No,Yes,1938,2001,1,28,8,0,0,1971,,
660,1,No,Yes,No,No,1922,2001,1,76,3,0,1,1949,,1960
661,1,Yes,Yes,No,Yes,1903,1984,0,126,6,0,0,1930,,
662,1,Yes,Yes,No,No,1925,2001,1,75,15,2,8,1954,1955,1955
663,1,Yes,Yes,No,Yes,1937,2001,1,63,21,3,11,1958,1975,1969
664,1,Yes,Yes,Yes,No,1903,1978,0,91,7,0,1,1928,,1940
665,1,Yes,Yes,Yes,Yes,1920,2001,1,113,13,1,3,1950,1991,1952
666,1,Yes,Yes,No,No,1892,1982,0,32,1,0,0,1920,,
667,1,Yes,Yes,No,Yes,1898,1980,0,10,3,0,0,1927,,
668,1,Yes,Yes,No,Yes,1920,2001,1,92,21,0,2,1951,,1975
669,1,Yes,Yes,No,Yes,1920,1982,0,38,3,0,0,1948,,
670,1,No,Yes,No,No,1952,2001,1,10,1,0,1,1968,,1968
671,1,Yes,Yes,No,Yes,1923,2001,1,113,10,0,1,1924,,1931
672,1,Yes,Yes,No,No,1916,1987,0,90,7,0,1,1941,,1961
673,0,Yes,Yes,No,Yes,1922,1964,0,20,5,0,0,1942,,
674,1,No,Yes,Yes,Yes,1961,2001,1,11,2,0,0,1963,,
675,1,Yes,Yes,No,Yes,1936,1993,0,18,4,0,0,1957,,
676,1,Yes,Yes,No,Yes,1939,2001,1,60,9,0,1,1963,,1972
677,1,Yes,Yes,No,Yes,1899,1986,0,79,15,1,3,1930,1942,1938
678,1,Yes,Yes,No,No,1928,1987,0,29,2,0,1,1964,,1981
679,1,Yes,Yes,No,No,1940,2001,1,36,8,0,1,1976,,1995
680,1,Yes,Yes,No,Yes,1931,1955,0,25,5,0,2,1951,,1955
681,1,Yes,Yes,No,Yes,1901,1967,0,61,1,1,1,1931,1945,1945
682,1,Yes,No,Yes,Yes,1931,2001,1,115,19,0,1,1964,,1970
683,1,Yes,Yes,No,Yes,1906,1976,0,262,28,0,0,1932,,
684,1,No,Yes,No,Yes,1939,2001,1,60,7,0,0,1950,,
685,1,Yes,Yes,Yes,No,1928,2001,1,71,13,0,1,1948,,1957
686,1,Yes,Yes,No,No,1886,1959,0,134,9,0,1,1922,,1941
687,1,No,Yes,No,Yes,1909,1984,0,138,21,0,3,1935,,1954
688,1,Yes,Yes,No,No,1922,2001,1,22,2,0,0,1971,,
689,1,Yes,Yes,No,Yes,1887,1940,0,8,1,0,0,1919,,
690,1,No,Yes,No,Yes,1888,1941,0,38,5,0,1,1937,,1940
691,1,Yes,Yes,No,Yes,1908,1997,0,110,30,1,5,1935,1940,1939
692,1,Yes,Yes,No,No,1943,2001,1,10,2,0,0,1974,,
693,1,No,Yes,No,Yes,1933,2001,1,44,9,0,0,1959,,
694,1,Yes,Yes,No,Yes,1912,1971,0,51,9,0,0,1940,,
695,1,Yes,Yes,No,Yes,1921,2001,1,75,14,0,2,1949,,1949
696,1,Yes,Yes,No,Yes,1947,2001,1,65,12,0,2,1972,,1986
697,0,Yes,Yes,No,Yes,1917,2001,1,5,2,0,0,1968,,
698,0,Yes,Yes,Yes,Yes,1923,2001,1,39,6,0,1,1948,,1950
699,1,Yes,Yes,No,Yes,1944,2001,1,60,3,0,0,1967,,
700,0,Yes,Yes,Yes,Yes,1939,2001,1,44,11,0,4,1970,,1970
701,0,Yes,Yes,Yes,Yes,1880,1967,0,163,16,1,1,1914,1940,1940
702,0,Yes,Yes,No,Yes,1937,2001,1,64,10,2,7,1960,1971,1969
703,0,No,Yes,No,Yes,1941,2001,1,14,4,0,0,1965,,
704,0,Yes,Yes,No,Yes,1912,2001,1,54,7,0,0,1934,,
705,0,Yes,Yes,Yes,No,1914,2001,1,82,8,1,4,1932,1948,1946
706,0,Yes,Yes,Yes,Yes,1906,1984,0,37,7,3,4,1926,1928,1928
707,0,Yes,Yes,Yes,Yes,1926,2001,1,68,9,0,1,1947,,1960
708,0,Yes,Yes,No,Yes,1943,1993,0,27,4,0,0,1962,,
709,0,No,Yes,No,Yes,1939,2001,1,20,4,0,1,1969,,1971
710,0,Yes,Yes,No,Yes,1963,2001,1,18,0,0,0,1982,,
711,0,Yes,Yes,No,Yes,1930,1985,0,14,2,0,0,1952,,
712,1,Yes,Yes,No,Yes,1939,2001,1,23,4,0,1,1973,,1973
713,1,Yes,Yes,No,Yes,1922,2000,0,96,21,2,3,1959,1976,1976
714,1,Yes,Yes,No,Yes,1900,1970,0,36,9,0,0,1920,,
715,1,Yes,Yes,No,Yes,1953,2001,1,36,5,0,0,1979,,
716,1,No,No,Yes,No,1919,1980,0,84,3,0,0,1940,,
717,1,Yes,Yes,No,No,1965,2001,1,3,1,0,1,1992,,1992
718,0,Yes,Yes,Yes,No,1905,1991,0,68,14,0,1,1923,,1943
719,1,No,Yes,No,Yes,1897,1975,0,73,17,0,0,1924,,
720,0,Yes,Yes,No,Yes,1896,1981,0,14,2,0,0,1929,,
721,0,Yes,Yes,Yes,Yes,1924,1977,0,25,3,0,1,1949,,1952
722,0,Yes,Yes,No,Yes,1926,2000,0,22,4,0,0,1947,,
723,0,No,Yes,No,Yes,1929,2001,1,88,17,0,2,1944,,1948
724,0,No,Yes,Yes,No,1933,2001,1,64,7,0,0,1965,,
725,1,No,Yes,Yes,No,1932,2001,1,75,10,0,0,1960,,
726,0,Yes,Yes,No,Yes,1932,1967,0,3,1,0,0,1960,,
727,0,Yes,Yes,No,No,1922,1973,0,3,2,0,0,1950,,
728,0,Yes,Yes,No,Yes,1925,2001,1,41,8,0,1,1941,,1945
729,0,Yes,Yes,No,No,1894,1929,0,3,1,0,1,1927,,1929
730,0,Yes,Yes,No,No,1949,2001,1,11,1,0,1,1970,,1972
731,1,Yes,Yes,No,Yes,1949,2001,1,55,12,0,4,1969,,1971
732,1,Yes,Yes,Yes,Yes,1918,1961,0,49,3,0,1,1947,,1950
733,1,Yes,Yes,No,No,1944,2001,1,33,2,0,0,1979,,
734,0,Yes,Yes,No,Yes,1960,2001,1,9,4,0,0,1986,,
735,0,No,Yes,No,No,1939,2001,1,12,1,0,0,1963,,
736,0,Yes,Yes,Yes,Yes,1962,2001,1,36,7,0,0,1979,,
737,0,Yes,Yes,Yes,Yes,1919,2001,1,27,6,1,5,1937,1943,1943
738,0,No,Yes,No,No,1958,2001,1,32,6,0,1,1984,,1994
739,1,No,Yes,No,Yes,1944,2001,1,19,2,0,0,1967,,
740,1,No,Yes,No,Yes,1948,2001,1,32,7,1,1,1979,1990,1990
741,1,No,Yes,No,Yes,1944,2001,1,49,11,0,0,1963,,
742,1,Yes,Yes,No,Yes,1935,2001,1,45,5,0,0,1958,,
743,0,Yes,Yes,No,Yes,1949,2001,1,26,5,2,6,1976,1982,1982
744,0,No,Yes,No,Yes,1909,1994,0,35,9,1,2,1932,1989,1945
745,0,Yes,Yes,No,Yes,1864,1944,0,44,8,0,0,1916,,
746,0,Yes,Yes,No,Yes,1944,2001,1,45,6,0,2,1969,,1978
747,1,Yes,Yes,No,No,1913,1989,0,164,10,0,0,1949,,
748,1,Yes,Yes,No,Yes,1953,2001,1,23,5,0,0,1982,,
749,1,Yes,Yes,No,Yes,1922,2001,1,64,10,0,0,1965,,
750,0,Yes,Yes,No,Yes,1919,1996,0,17,7,1,1,1954,1955,1955
751,0,Yes,Yes,No,Yes,1956,2001,1,23,3,0,3,1985,,1995
752,0,Yes,Yes,No,No,1906,1979,0,110,11,0,1,1930,,1951
753,0,Yes,Yes,Yes,Yes,1904,1977,0,99,11,1,3,1925,1945,1945
754,0,Yes,Yes,No,No,1962,2001,1,26,7,0,2,1980,,1988
755,0,No,Yes,Yes,Yes,1917,2001,1,54,9,1,3,1935,1941,1940
756,0,No,Yes,No,Yes,1921,1987,0,39,6,0,0,1941,,
757,0,Yes,Yes,No,Yes,1934,1983,0,32,4,0,1,1966,,1981
758,0,No,Yes,No,Yes,1926,2001,1,12,0,0,1,1943,,1945
759,0,No,Yes,No,Yes,1929,2001,1,41,6,0,1,1954,,1992
760,0,Yes,Yes,No,Yes,1929,1987,0,51,8,0,0,1945,,
761,0,Yes,Yes,No,Yes,1924,1977,0,6,1,0,0,1946,,
762,0,Yes,Yes,No,Yes,1931,2001,1,16,1,0,0,1949,,
763,0,Yes,Yes,No,Yes,1919,1978,0,27,4,0,0,1941,,
764,0,Yes,Yes,No,Yes,1902,1984,0,26,4,0,0,1937,,
765,0,Yes,Yes,No,No,1934,2001,1,16,3,0,0,1958,,
766,0,No,Yes,No,No,1946,2001,1,23,2,0,0,1969,,
767,0,Yes,Yes,Yes,Yes,1923,1996,0,32,3,0,0,1946,,
768,0,Yes,Yes,No,Yes,1930,2001,1,54,0,1,4,1953,1957,1957
769,0,Yes,Yes,No,Yes,1953,2001,1,37,5,0,0,1979,,
770,0,Yes,Yes,No,Yes,1923,1979,0,1,0,0,1,1966,,1966
771,0,Yes,Yes,No,Yes,1962,2001,1,46,4,2,4,1970,1988,1976
772,1,Yes,Yes,No,No,1892,1973,0,69,8,0,0,1928,,
773,1,Yes,Yes,No,Yes,1944,2001,1,6,2,0,0,1975,,
774,1,Yes,Yes,No,Yes,1913,1980,0,1,1,0,0,1971,,
775,1,Yes,Yes,No,Yes,1920,2001,1,17,5,0,1,1949,,1955
776,1,Yes,Yes,No,Yes,1943,2001,1,30,8,1,2,1976,1990,1980
777,1,Yes,Yes,No,Yes,1937,1989,0,52,10,0,0,1972,,
778,1,Yes,Yes,Yes,Yes,1932,2001,1,22,3,1,1,1952,1972,1972
779,1,Yes,Yes,No,Yes,1933,1987,0,37,3,0,0,1959,,
780,1,Yes,Yes,No,Yes,1906,1947,0,45,3,0,0,1930,,
781,1,Yes,Yes,No,Yes,1941,2001,1,19,2,0,0,1976,,
782,1,No,Yes,No,Yes,1901,1992,0,67,8,0,0,1933,,
783,1,Yes,Yes,No,Yes,1916,1989,0,19,3,0,0,1951,,
784,1,Yes,Yes,No,No,1914,1986,0,13,3,0,0,1956,,
785,1,Yes,Yes,No,No,1948,2001,1,29,5,0,0,1971,,
786,1,Yes,Yes,No,Yes,1929,1989,0,45,13,0,1,1953,,1967
787,1,Yes,Yes,No,Yes,1915,2001,1,14,1,0,0,1932,,
788,1,Yes,Yes,Yes,Yes,1918,1971,0,8,1,0,1,1945,,1945
789,1,Yes,Yes,Yes,Yes,1915,1992,0,121,13,0,0,1941,,
790,1,Yes,Yes,No,No,1940,2001,1,13,2,0,0,1970,,
791,1,Yes,Yes,Yes,Yes,1913,1952,0,42,13,0,2,1924,,1938
792,1,No,Yes,No,Yes,1904,2000,0,117,35,1,2,1929,1981,1964
793,1,Yes,Yes,No,Yes,1914,1955,0,36,5,0,0,1943,,
794,1,No,Yes,No,Yes,1902,1988,0,60,17,1,1,1944,1973,1973
795,1,No,Yes,No,Yes,1940,2001,1,78,15,0,2,1962,,1978
796,1,Yes,Yes,No,Yes,1906,1987,0,109,34,0,1,1923,,1963
797,1,Yes,Yes,No,Yes,1906,1968,0,69,10,0,0,1935,,
798,1,No,Yes,No,Yes,1914,1992,0,139,8,0,1,1942,,1949
799,1,Yes,Yes,No,Yes,1916,2000,0,60,10,0,0,1940,,
800,1,No,Yes,No,No,1912,1983,0,119,8,0,0,1949,,
801,1,Yes,Yes,No,Yes,1945,2001,1,55,6,0,2,1972,,1982
802,1,No,Yes,Yes,Yes,1898,1988,0,83,7,0,0,1927,,
803,1,No,Yes,No,Yes,1940,2001,1,38,8,0,0,1961,,
804,1,Yes,Yes,No,Yes,1953,2001,1,41,9,0,2,1980,,1984
805,1,Yes,Yes,No,Yes,1907,1984,0,54,9,0,1,1947,,1970
806,1,Yes,Yes,No,Yes,1892,1960,0,170,11,0,0,1924,,
807,1,No,Yes,No,Yes,1908,2001,1,121,14,1,1,1932,1970,1970
808,1,Yes,Yes,No,Yes,1938,2001,1,47,6,0,0,1970,,
809,1,Yes,Yes,No,Yes,1937,2001,1,48,0,0,0,1965,,
810,1,No,Yes,Yes,Yes,1899,1987,0,139,21,0,0,1931,,
811,1,Yes,Yes,No,Yes,1949,2001,1,55,7,0,0,1958,,
812,1,Yes,Yes,No,No,1944,2001,1,30,4,0,0,1970,,
813,1,Yes,Yes,Yes,Yes,1931,1995,0,35,5,0,0,1950,,
814,1,Yes,Yes,No,Yes,1954,2001,1,32,6,0,2,1975,,1977
815,1,No,Yes,No,Yes,1935,2001,1,75,6,0,0,1958,,
816,1,Yes,Yes,Yes,No,1907,1979,0,212,28,1,2,1926,1969,1949
817,1,No,Yes,No,Yes,1937,2001,1,50,5,0,0,1952,,
818,1,Yes,Yes,No,No,1942,2001,1,5,0,0,0,1964,,
819,1,Yes,Yes,No,No,1957,2001,1,23,3,0,0,1986,,
820,1,Yes,Yes,No,Yes,1938,2001,1,35,9,1,3,1967,1978,1969
821,1,No,Yes,Yes,Yes,1909,1992,0,96,13,1,3,1946,1950,1948
822,1,No,Yes,No,Yes,1902,1982,0,66,3,0,0,1927,,
823,1,No,Yes,Yes,Yes,1897,1975,0,59,4,0,0,1931,,
824,1,Yes,Yes,No,Yes,1927,2001,1,56,6,0,0,1960,,
825,1,Yes,Yes,No,Yes,1920,2001,1,60,12,0,0,1946,,
826,1,No,Yes,No,Yes,1895,1964,0,53,11,1,1,1920,1937,1937
827,0,Yes,Yes,Yes,No,1884,1957,0,5,2,1,1,1932,1950,1950
828,1,Yes,Yes,No,Yes,1946,2001,1,34,8,0,0,1971,,
829,0,No,Yes,Yes,Yes,1898,1993,0,31,5,0,0,1918,,
830,0,Yes,Yes,Yes,Yes,1907,1997,0,124,8,0,0,1925,,
831,0,Yes,Yes,No,Yes,1932,1987,0,29,6,0,0,1951,,
832,0,No,Yes,No,Yes,1919,2001,1,8,3,0,2,1941,,1963
833,1,Yes,Yes,No,Yes,1947,1998,0,43,10,0,0,1983,,
834,0,Yes,No,No,Yes,1922,2001,1,30,4,0,1,1949,,1949
835,1,Yes,Yes,No,Yes,1935,2001,1,24,5,0,1,1971,,1980
836,1,Yes,Yes,No,Yes,1915,1974,0,19,0,0,0,1949,,
837,0,No,Yes,No,Yes,1934,2001,1,28,8,1,3,1964,1998,1986
838,0,No,Yes,No,Yes,1898,1992,0,35,8,0,1,1933,,1940
839,0,No,Yes,No,No,1912,1974,0,41,5,0,0,1939,,
840,0,No,Yes,No,Yes,1955,2001,1,29,7,0,2,1977,,1984
841,0,Yes,Yes,Yes,No,1922,1969,0,60,15,0,2,1936,,1954
842,0,Yes,Yes,Yes,No,1922,1965,0,15,4,1,1,1938,1950,1950
843,0,Yes,Yes,No,Yes,1967,2001,1,30,6,1,3,1984,2000,1989
844,1,No,Yes,No,Yes,1957,2001,1,40,3,0,0,1982,,
845,0,Yes,Yes,No,Yes,1961,2001,1,28,7,0,2,1989,,1997
846,0,No,Yes,Yes,No,1935,2001,1,27,6,1,3,1964,1964,1964
847,0,Yes,Yes,No,Yes,1930,1991,0,19,5,0,0,1970,,
848,0,Yes,Yes,No,Yes,1954,2001,1,31,1,0,0,1979,,
849,0,No,Yes,No,Yes,1940,2001,1,38,7,1,3,1963,1965,1965
850,0,Yes,Yes,No,Yes,1899,1989,0,33,4,0,0,1924,,
851,0,Yes,Yes,No,Yes,1946,2001,1,14,4,0,0,1969,,
852,0,Yes,Yes,No,Yes,1925,2001,1,64,8,0,1,1947,,1952
853,0,Yes,Yes,No,No,1940,2001,1,22,6,0,0,1959,,
854,0,No,Yes,No,Yes,1950,2001,1,22,4,0,2,1983,,1983
855,0,No,Yes,No,Yes,1964,2001,1,24,5,1,2,1985,1996,1992
856,0,Yes,Yes,No,Yes,1975,2001,1,26,1,0,1,1987,,1991
857,0,Yes,Yes,No,Yes,1925,2001,1,62,5,0,0,1938,,
858,0,Yes,Yes,No,Yes,1914,2001,1,28,3,0,0,1935,,
859,1,Yes,Yes,No,Yes,1971,2001,1,6,1,0,1,1979,,1979
860,0,No,Yes,No,Yes,1915,1967,0,16,5,0,0,1939,,
861,0,Yes,Yes,Yes,Yes,1942,2001,1,99,8,0,1,1960,,1970
862,0,Yes,Yes,Yes,Yes,1905,2001,1,41,7,0,0,1931,,
863,0,Yes,Yes,No,No,1923,1992,0,40,4,0,0,1940,,
864,1,Yes,Yes,Yes,Yes,1914,2001,1,76,18,1,2,1940,1951,1951
865,0,Yes,Yes,No,Yes,1955,2001,1,19,3,0,0,1975,,
866,0,No,Yes,No,Yes,1951,2001,1,34,2,0,1,1974,,1991
867,0,No,Yes,No,Yes,1930,1993,0,43,8,0,0,1940,,
868,0,No,Yes,No,Yes,1975,2001,1,6,3,0,2,1994,,1995
869,0,Yes,Yes,No,Yes,1954,2001,1,22,2,0,0,1972,,
870,0,Yes,Yes,No,Yes,1907,2001,1,65,19,4,12,1932,1933,1933
871,0,Yes,Yes,No,Yes,1942,2001,1,39,4,0,1,1965,,1967
872,0,Yes,Yes,No,Yes,1901,1981,0,42,5,0,0,1930,,
873,0,Yes,Yes,No,Yes,1912,1983,0,3,1,0,0,1971,,
874,0,Yes,Yes,No,No,1919,2001,1,106,15,0,0,1947,,
875,0,Yes,Yes,No,Yes,1954,2001,1,52,5,0,1,1972,,1995
876,0,Yes,Yes,No,No,1954,2001,1,27,7,0,1,1974,,1985
877,0,Yes,Yes,No,Yes,1964,2001,1,28,3,0,0,1983,,
878,0,Yes,Yes,No,No,1948,2001,1,15,5,0,0,1974,,
879,0,Yes,Yes,No,Yes,1948,2001,1,37,10,1,2,1971,1990,1986
880,0,No,Yes,Yes,Yes,1900,1973,0,13,3,1,1,1943,1943,1943
881,0,No,Yes,No,No,1958,2001,1,8,2,0,0,1981,,
882,0,No,Yes,Yes,Yes,1927,2001,1,39,3,0,1,1929,,1954
883,0,No,Yes,Yes,Yes,1909,1980,0,31,3,0,0,1914,,
884,0,Yes,Yes,No,No,1914,1980,0,32,4,0,1,1942,,1968
885,0,Yes,Yes,No,No,1916,1988,0,28,4,0,0,1935,,
886,1,Yes,No,No,Yes,1956,2001,1,37,5,0,0,1982,,
887,1,No,Yes,No,Yes,1926,2001,1,34,6,0,0,1957,,
888,0,Yes,Yes,No,No,1944,2001,1,11,2,0,0,1978,,
889,0,Yes,Yes,No,Yes,1957,2001,1,28,5,0,0,1970,,
890,1,Yes,Yes,No,No,1916,1978,0,2,1,0,0,1972,,
891,1,Yes,Yes,No,No,1895,1962,0,60,14,0,0,1940,,
892,1,No,Yes,No,Yes,1960,2001,1,23,5,0,1,1983,,1989
893,1,No,Yes,No,Yes,1944,2001,1,24,5,0,0,1968,,
894,1,Yes,Yes,No,No,1901,1972,0,114,4,0,0,1924,,
895,1,Yes,Yes,No,No,1934,1999,0,17,1,0,0,1936,,
896,1,Yes,Yes,No,Yes,1955,2001,1,37,8,0,1,1982,,1990
897,1,Yes,Yes,No,No,1947,2001,1,26,7,1,1,1982,1988,1988
898,1,Yes,Yes,No,Yes,1914,2001,1,96,11,0,1,1944,,1951
899,1,Yes,Yes,No,Yes,1959,2001,1,33,13,2,2,1986,1995,1995
900,0,Yes,Yes,No,Yes,1953,2001,1,32,4,1,1,1977,1997,1997
901,0,Yes,Yes,No,Yes,1922,2001,1,48,12,1,1,1943,1951,1951
902,0,No,Yes,Yes,Yes,1921,2001,1,8,4,0,2,1952,,1964
903,1,Yes,Yes,No,Yes,1917,2001,1,13,2,0,0,1956,,
904,1,Yes,Yes,Yes,Yes,1916,2001,1,92,17,0,3,1946,,1949
905,1,No,Yes,No,Yes,1894,1961,0,68,4,0,0,1926,,
906,0,Yes,Yes,No,Yes,1902,1954,0,30,4,0,0,1935,,
907,0,Yes,Yes,No,Yes,1944,2001,1,13,2,0,0,1970,,
908,1,No,Yes,Yes,Yes,1944,2001,1,8,0,0,1,1989,,1985
909,0,No,Yes,No,Yes,1960,2001,1,31,4,0,1,1986,,1996
910,1,Yes,Yes,No,Yes,1943,2001,1,35,4,0,0,1981,,
911,0,Yes,Yes,No,Yes,1890,1973,0,10,0,0,0,1962,,
912,0,Yes,Yes,Yes,Yes,1921,1995,0,59,8,0,1,1937,,1957
913,1,Yes,Yes,No,No,1943,2001,1,54,9,0,0,1972,,
914,1,Yes,Yes,No,No,1899,1972,0,224,14,0,0,1928,,
915,1,Yes,Yes,No,Yes,1936,2001,1,58,14,0,0,1970,,
916,0,Yes,Yes,No,Yes,1970,2001,1,35,10,0,0,1988,,
917,0,Yes,Yes,Yes,Yes,1917,2001,1,46,3,0,0,1937,,
918,1,Yes,Yes,No,No,1946,2001,1,14,2,0,0,1974,,
919,1,Yes,Yes,No,Yes,1915,1996,0,33,7,0,0,1952,,
920,1,Yes,Yes,No,Yes,1914,1975,0,43,2,0,1,1941,,1946
921,1,Yes,Yes,No,Yes,1881,1951,0,85,12,0,0,1922,,
922,0,Yes,Yes,No,Yes,1966,2001,1,27,3,0,1,1973,,1991
923,0,Yes,Yes,Yes,Yes,1924,2001,1,48,10,0,1,1944,,1948
924,1,Yes,Yes,No,Yes,1961,2001,1,39,10,0,1,1975,,1993
925,1,No,Yes,Yes,Yes,1928,1973,0,57,5,0,1,1948,,1959
926,1,No,Yes,No,Yes,1907,1989,0,117,32,1,10,1930,1948,1939
927,1,No,No,No,Yes,1953,2001,1,17,1,0,0,1974,,
928,1,Yes,Yes,No,No,1896,1960,0,7,0,0,1,1930,,1930
929,0,Yes,Yes,No,Yes,1887,1971,0,30,5,0,0,1913,,
930,0,Yes,Yes,Yes,Yes,1927,2001,1,74,9,1,4,1951,1975,1951
931,1,Yes,Yes,Yes,Yes,1911,1976,0,75,10,0,2,1937,,1954
932,1,Yes,Yes,No,Yes,1924,1987,0,70,15,1,1,1951,1965,1965
933,0,Yes,Yes,No,Yes,1906,1982,0,69,10,0,0,1929,,
934,0,Yes,Yes,No,Yes,1935,1991,0,61,15,0,1,1957,,1962
935,1,Yes,Yes,No,Yes,1926,1999,0,23,4,0,0,1959,,
936,1,No,Yes,Yes,Yes,1899,1982,0,10,6,0,1,1946,,1974
937,1,Yes,Yes,No,No,1898,1968,0,38,3,0,1,1929,,1964
938,1,Yes,Yes,No,Yes,1908,1991,0,12,5,0,0,1968,,
939,1,Yes,Yes,Yes,Yes,1911,1986,0,94,11,0,0,1933,,
940,0,Yes,Yes,No,Yes,1945,2001,1,23,3,0,0,1968,,
941,0,Yes,Yes,No,Yes,1938,2001,1,26,1,0,0,1949,,
942,0,No,Yes,No,Yes,1955,2001,1,19,5,0,1,1976,,1989
943,1,Yes,Yes,No,Yes,1905,1978,0,56,9,0,1,1935,,1947
944,1,No,Yes,No,Yes,1920,2001,1,61,11,0,0,1952,,
945,1,No,Yes,Yes,No,1938,1988,0,9,2,0,1,1963,,1971
946,1,No,Yes,No,No,1926,1984,0,16,6,0,0,1968,,
947,1,Yes,Yes,No,Yes,1974,2001,1,13,2,0,1,1991,,1993
948,0,Yes,Yes,No,Yes,1923,1983,0,15,2,0,0,1957,,
949,0,Yes,Yes,No,Yes,1946,2001,1,48,5,0,1,1964,,1982
950,0,Yes,Yes,No,Yes,1958,2001,1,4,0,0,1,1964,,1977
951,0,No,Yes,No,Yes,1931,2001,1,53,9,0,2,1951,,1953
952,1,No,Yes,No,Yes,1902,1978,0,69,5,0,0,1923,,
953,1,No,Yes,Yes,Yes,1893,1943,0,30,12,0,2,1930,,1933
954,1,Yes,Yes,No,Yes,1908,1996,0,103,10,0,1,1929,,1948
955,1,Yes,Yes,No,Yes,1878,1953,0,153,18,0,1,1915,,1929
956,1,No,Yes,No,Yes,1952,2001,1,39,7,0,1,1979,,1993
957,0,No,Yes,No,Yes,1918,2000,0,36,3,1,1,1956,1964,1964
958,0,No,Yes,No,Yes,1896,1994,0,19,8,0,1,1953,,1963
959,0,Yes,Yes,No,Yes,1899,1993,0,87,16,0,1,1909,,1946
960,0,Yes,Yes,No,No,1939,2001,1,25,3,0,1,1973,,1975
961,0,Yes,Yes,No,Yes,1959,2001,1,44,3,0,1,1970,,1973
962,0,Yes,Yes,No,Yes,1942,2001,1,8,1,0,0,1967,,
963,0,Yes,Yes,No,Yes,1945,2001,1,23,2,1,1,1980,1983,1983
964,0,Yes,Yes,No,No,1900,1987,0,2,0,0,0,1928,,
965,0,Yes,Yes,No,Yes,1948,2001,1,32,9,0,1,1976,,1984
966,0,No,Yes,No,Yes,1967,2001,1,4,3,0,0,1971,,
967,1,Yes,Yes,Yes,Yes,1878,1954,0,169,20,1,1,1909,1931,1931
968,0,No,Yes,No,Yes,1957,2001,1,37,3,0,0,1972,,
969,0,Yes,Yes,No,Yes,1961,2001,1,12,1,0,0,1972,,
970,0,Yes,Yes,No,Yes,1955,2001,1,26,4,0,0,1978,,
971,0,Yes,Yes,No,Yes,1908,2001,1,27,6,0,0,1929,,
972,0,No,Yes,No,Yes,1939,2001,1,48,9,0,2,1959,,1972
973,0,Yes,Yes,No,Yes,1946,2001,1,36,8,1,2,1949,1972,1969
974,1,No,Yes,No,Yes,1924,2001,1,48,4,0,0,1963,,
975,1,Yes,Yes,No,Yes,1902,1985,0,111,12,0,0,1935,,
976,0,Yes,Yes,No,Yes,1950,2001,1,24,5,0,0,1972,,
977,0,Yes,Yes,No,Yes,1930,2001,1,35,8,0,0,1954,,
978,0,Yes,Yes,Yes,Yes,1913,2000,0,101,11,1,2,1921,1947,1947
979,1,No,Yes,No,Yes,1915,1987,0,108,9,0,0,1945,,
980,0,Yes,Yes,No,Yes,1954,2001,1,23,2,0,1,1979,,1990
981,0,No,Yes,Yes,Yes,1900,1981,0,5,1,0,1,1931,,1961
982,1,Yes,Yes,Yes,Yes,1895,1956,0,71,17,0,1,1921,,1950
983,1,Yes,No,No,Yes,1936,2001,1,82,19,1,1,1961,1982,1982
984,1,Yes,Yes,No,Yes,1918,2001,1,28,3,0,0,1963,,
985,0,Yes,Yes,No,No,1946,2001,1,19,3,0,0,1970,,
986,0,Yes,No,No,Yes,1902,1962,0,128,7,0,0,1923,,
987,0,Yes,Yes,No,Yes,1934,2001,1,56,6,1,1,1974,1975,1975
988,0,Yes,Yes,Yes,Yes,1878,1965,0,41,6,0,1,1922,,1928
989,0,No,Yes,No,No,1879,1962,0,36,11,0,1,1933,,1943
990,0,No,Yes,No,Yes,1914,2001,1,12,2,2,2,1935,1936,1936
991,1,Yes,Yes,No,Yes,1903,1984,0,33,4,0,0,1937,,
992,1,Yes,Yes,No,Yes,1905,1967,0,42,5,0,0,1941,,
993,0,Yes,Yes,No,Yes,1940,2001,1,14,1,0,0,1964,,
994,0,Yes,Yes,No,Yes,1930,2001,1,19,5,0,1,1968,,1968
995,0,No,Yes,No,No,1887,1983,0,3,1,0,1,1931,,1932
996,0,No,Yes,No,Yes,1943,2001,1,53,8,0,2,1959,,1966
997,0,No,Yes,Yes,No,1963,2001,1,35,4,0,0,1975,,
998,1,Yes,Yes,No,Yes,1935,2001,1,115,18,0,0,1969,,
999,0,Yes,Yes,No,No,1901,1982,0,29,4,0,0,1928,,
1000,0,Yes,Yes,No,No,1942,1999,0,36,8,0,2,1968,,1973
1001,0,No,Yes,Yes,Yes,1926,2001,1,15,1,0,0,1956,,
1002,0,Yes,Yes,Yes,Yes,1910,1992,0,82,8,0,0,1929,,
1003,0,No,Yes,No,Yes,1895,1968,0,133,30,0,0,1909,,
1004,0,Yes,Yes,No,Yes,1928,1978,0,4,0,0,1,1953,,1953
1005,0,No,Yes,No,No,1934,2001,1,35,9,2,5,1959,1969,1964
1006,1,Yes,Yes,Yes,No,1933,2001,1,52,8,0,1,1965,,1966
1007,1,Yes,Yes,No,Yes,1907,1992,0,37,9,0,0,1954,,
1008,1,Yes,Yes,No,Yes,1910,2001,1,145,10,0,0,1932,,
1009,1,No,Yes,Yes,Yes,1923,1996,0,121,8,0,3,1949,,1962
1010,0,Yes,Yes,No,Yes,1924,2001,1,37,4,0,0,1931,,
1011,0,Yes,Yes,No,Yes,1959,2001,1,44,9,0,1,1978,,1995
1012,0,Yes,No,No,Yes,1940,2001,1,29,4,0,1,1949,,1985
1013,0,No,Yes,No,Yes,1923,1996,0,10,1,0,0,1968,,
1014,0,No,Yes,No,Yes,1922,1976,0,32,5,0,1,1948,,1971
1015,0,No,Yes,No,No,1906,1996,0,6,1,0,0,1929,,
1016,0,No,Yes,No,No,1892,1972,0,47,9,1,1,1937,1963,1963
1017,0,Yes,Yes,Yes,Yes,1911,1960,0,17,3,0,1,1933,,1938
1018,0,Yes,Yes,No,Yes,1950,2001,1,16,0,0,0,1962,,
1019,0,No,Yes,No,Yes,1881,1956,0,20,4,0,1,1929,,1941
1020,0,Yes,Yes,No,Yes,1935,2001,1,45,3,0,0,1955,,
1021,0,Yes,Yes,No,No,1929,2001,1,8,0,0,0,1948,,
1022,0,No,Yes,No,Yes,1876,1949,0,21,9,0,2,1936,,1936
1023,0,No,Yes,No,Yes,1926,2001,1,50,4,0,0,1948,,
1024,0,Yes,Yes,No,Yes,1967,2001,1,7,1,0,1,1991,,1996
1025,0,No,Yes,Yes,No,1869,1934,0,30,3,1,2,1914,1931,1930
1026,0,No,Yes,No,Yes,1922,2001,1,15,4,0,0,1956,,
1027,0,Yes,Yes,No,Yes,1898,1983,0,3,1,0,0,1926,,
1028,0,No,Yes,No,Yes,1944,2001,1,36,3,0,1,1969,,1976
1029,0,No,Yes,No,Yes,1944,2001,1,46,4,0,0,1962,,
1030,0,Yes,Yes,No,Yes,1961,2001,1,25,3,0,1,1976,,1979
1031,0,Yes,Yes,No,No,1924,1981,0,9,1,0,0,1941,,
1032,0,Yes,Yes,No,No,1920,2001,1,1,0,0,0,1994,,
1033,0,Yes,Yes,No,No,1916,1985,0,64,6,0,0,1938,,
1034,0,Yes,Yes,No,Yes,1947,2001,1,24,4,0,0,1961,,
1035,0,No,Yes,No,Yes,1932,2001,1,17,2,0,1,1952,,1955
1036,0,Yes,Yes,No,Yes,1963,2001,1,11,1,0,0,1985,,
1037,1,No,Yes,No,Yes,1912,1998,0,58,7,0,0,1936,,
1038,0,Yes,Yes,No,Yes,1900,1986,0,19,3,0,0,1946,,
1039,0,Yes,Yes,No,No,1890,1975,0,88,12,0,1,1931,,1947
1040,0,Yes,Yes,No,Yes,1889,1970,0,59,5,0,2,1917,,1931
1041,0,Yes,Yes,No,Yes,1938,2001,1,8,1,0,0,1961,,
1042,0,Yes,Yes,No,Yes,1965,2001,1,9,2,1,1,1986,1986,1986
1043,0,No,Yes,No,Yes,1904,1992,0,50,13,0,1,1919,,1931
1044,1,Yes,Yes,No,Yes,1924,2001,1,45,19,2,8,1950,1954,1951
1045,0,Yes,Yes,No,No,1931,2001,1,6,5,0,0,1956,,
1046,0,Yes,Yes,No,Yes,1917,2001,1,74,7,0,0,1935,,
1047,0,Yes,Yes,No,Yes,1942,2001,1,23,5,0,4,1966,,1973
1048,1,Yes,Yes,No,Yes,1896,1971,0,25,4,0,0,1949,,
1049,0,Yes,Yes,No,Yes,1924,2001,1,76,4,0,1,1946,,1958
1050,0,Yes,Yes,No,Yes,1914,2001,1,40,6,0,1,1940,,1940
1051,0,Yes,Yes,No,Yes,1907,1983,0,29,2,0,0,1923,,
1052,1,Yes,Yes,No,Yes,1919,1996,0,104,19,1,1,1954,1965,1965
1053,1,No,Yes,No,Yes,1918,2001,1,76,4,0,0,1948,,
1054,1,Yes,Yes,No,No,1928,2001,1,82,6,1,3,1959,1994,1988
1055,1,Yes,Yes,No,Yes,1942,2001,1,53,17,0,0,1963,,
1056,0,Yes,Yes,No,Yes,1920,2001,1,30,7,0,0,1939,,
1057,0,Yes,Yes,Yes,Yes,1906,1987,0,118,13,1,1,1921,1941,1931
1058,0,Yes,Yes,No,Yes,1952,2001,1,3,1,0,1,1962,,1962
1059,0,Yes,Yes,Yes,Yes,1948,2001,1,20,3,0,0,1976,,
1060,0,Yes,Yes,No,Yes,1907,2001,1,45,1,0,0,1928,,
1061,0,Yes,Yes,No,Yes,1958,2001,1,13,0,0,1,1983,,1986
1062,0,Yes,Yes,No,No,1905,1969,0,127,19,0,0,1931,,
1063,0,No,Yes,Yes,Yes,1882,1963,0,181,22,0,0,1922,,
1064,0,Yes,Yes,No,No,1947,2001,1,45,10,0,0,1972,,
1065,0,Yes,Yes,No,Yes,1899,1985,0,60,7,0,0,1916,,
1066,0,Yes,Yes,No,No,1923,1980,0,13,2,0,0,1938,,
1067,0,Yes,Yes,No,Yes,1952,2001,1,14,3,0,2,1982,,1990
1068,0,No,Yes,Yes,Yes,1893,1979,0,208,8,1,1,1908,1929,1929
1069,0,Yes,Yes,No,Yes,1953,2001,1,35,4,1,1,1978,1980,1980
1070,0,Yes,Yes,No,No,1907,1989,0,122,7,0,0,1934,,
1071,0,Yes,Yes,No,No,1936,2001,1,37,4,0,1,1959,,1980
1072,0,No,Yes,No,Yes,1933,1975,0,10,2,0,1,1955,,1960
1073,0,Yes,Yes,No,Yes,1964,2001,1,16,3,0,0,1988,,
1074,1,No,Yes,No,Yes,1918,2001,1,54,6,0,0,1940,,
1075,1,Yes,Yes,No,Yes,1953,1994,0,10,1,0,1,1980,,1995
1076,1,Yes,Yes,No,Yes,1971,2001,1,13,2,0,1,1988,,1997
1077,0,No,Yes,No,No,1875,1960,0,103,3,0,0,1918,,
1078,0,No,Yes,No,No,1946,2001,1,14,2,0,0,1968,,
1079,0,Yes,Yes,No,Yes,1952,2001,1,3,1,0,0,1962,,
1080,0,Yes,Yes,No,Yes,1925,2001,1,46,11,1,4,1958,1981,1958
1081,1,Yes,Yes,No,Yes,1891,1938,0,58,3,0,0,1928,,
1082,1,No,Yes,No,No,1888,1972,0,52,10,0,2,1922,,1930
1083,1,Yes,Yes,No,Yes,1910,1985,0,7,4,0,0,1976,,
1084,1,No,Yes,No,Yes,1929,2001,1,97,17,0,1,1949,,1988
1085,1,No,Yes,No,Yes,1901,1975,0,105,15,0,0,1931,,
1086,1,No,Yes,No,Yes,1930,2001,1,58,10,1,3,1955,1961,1961
1087,0,Yes,Yes,No,Yes,1916,1990,0,12,1,0,0,1945,,
1088,0,No,Yes,Yes,Yes,1858,1942,0,63,9,0,1,1915,,1933
1089,0,No,Yes,No,Yes,1865,1948,0,29,9,0,2,1937,,1937
1090,0,No,Yes,No,Yes,1923,2001,1,8,3,0,0,1978,,
1091,0,Yes,Yes,No,Yes,1960,2001,1,20,4,0,1,1980,,1985
1092,1,Yes,Yes,Yes,No,1926,2001,1,32,5,0,0,1962,,
1093,0,Yes,Yes,No,Yes,1957,2001,1,37,4,0,1,1973,,1988
1094,0,Yes,Yes,No,Yes,1952,2001,1,27,4,0,0,1969,,
1095,0,No,Yes,No,Yes,1920,1994,0,18,2,0,1,1955,,1960
1096,0,Yes,Yes,No,Yes,1939,2001,1,35,5,0,2,1969,,1977
1097,0,Yes,Yes,No,No,1951,2001,1,5,0,0,0,1978,,
1098,0,Yes,Yes,No,Yes,1957,2001,1,14,3,0,0,1979,,
1099,1,Yes,Yes,Yes,Yes,1901,1981,0,90,15,2,3,1931,1963,1963
1100,0,Yes,Yes,No,Yes,1918,2001,1,33,6,1,2,1949,1949,1949
1101,0,Yes,Yes,No,No,1954,2001,1,20,3,1,1,1979,1991,1991
1102,0,No,Yes,Yes,Yes,1911,1979,0,54,7,0,1,1930,,1935
1103,0,Yes,Yes,No,Yes,1949,2001,1,44,16,2,12,1977,1979,1978
1104,1,No,Yes,Yes,No,1905,1967,0,134,15,0,1,1928,,1936
1105,1,Yes,Yes,No,No,1922,2001,1,85,6,0,0,1944,,
1106,1,No,Yes,Yes,Yes,1933,2001,1,96,11,2,5,1956,1986,1966
1107,1,Yes,Yes,No,Yes,1935,2001,1,38,12,0,0,1970,,
1108,1,No,Yes,No,Yes,1891,1955,0,13,1,0,1,1927,,1945
1109,1,Yes,Yes,Yes,Yes,1925,2001,1,49,2,0,0,1952,,
1110,1,Yes,Yes,No,Yes,1927,2001,1,63,7,0,0,1959,,
1111,1,Yes,Yes,No,Yes,1944,2001,1,39,8,1,1,1969,1987,1987
1112,1,Yes,Yes,No,Yes,1934,1973,0,22,2,0,1,1960,,1965
1113,1,Yes,Yes,No,Yes,1922,2001,1,42,6,0,0,1958,,
1114,1,No,Yes,No,Yes,1911,1995,0,122,20,0,0,1941,,
1115,1,Yes,Yes,Yes,No,1939,2001,1,51,5,0,1,1962,,1967
1116,1,Yes,Yes,No,Yes,1952,2001,1,21,4,0,0,1979,,
1117,1,Yes,Yes,No,Yes,1941,2001,1,73,9,0,1,1969,,1991
1118,1,Yes,Yes,No,No,1931,2001,1,30,5,0,0,1970,,
1119,1,No,Yes,No,Yes,1957,2001,1,13,2,0,0,1980,,
1120,1,No,Yes,No,Yes,1889,1975,0,62,10,0,0,1928,,
1121,1,Yes,Yes,No,Yes,1925,2001,1,14,1,0,0,1943,,
1122,1,Yes,Yes,No,Yes,1941,2001,1,33,4,0,0,1971,,
1123,1,Yes,Yes,No,Yes,1955,2001,1,30,5,0,1,1975,,1980
1124,1,Yes,Yes,No,Yes,1938,2001,1,60,5,0,0,1958,,
1125,1,No,Yes,No,Yes,1908,1985,0,63,18,0,1,1936,,1947
1126,1,Yes,Yes,No,No,1907,1961,0,50,2,0,0,1933,,
1127,1,No,Yes,No,Yes,1921,2001,1,4,2,0,0,1965,,
1128,1,Yes,Yes,No,Yes,1923,1995,0,30,6,0,1,1957,,1974
1129,1,No,Yes,No,Yes,1935,2001,0,23,8,0,0,1962,,
1130,0,Yes,Yes,No,Yes,1957,2001,1,31,3,0,3,1980,,1988
1131,1,Yes,Yes,Yes,Yes,1920,2001,1,205,30,0,4,1927,,1939
1132,1,Yes,Yes,No,No,1920,1985,0,32,3,0,0,1952,,
1133,1,Yes,Yes,No,Yes,1939,2001,1,40,7,0,0,1967,,
1134,1,No,Yes,No,Yes,1948,2001,1,18,0,0,1,1973,,1977
1135,0,Yes,Yes,No,Yes,1904,1991,0,38,8,0,2,1945,,1951
1136,0,Yes,Yes,No,Yes,1908,1994,0,36,9,0,1,1940,,1967
1137,0,No,Yes,No,Yes,1900,1980,0,1,0,0,1,1938,,1938
1138,1,No,Yes,No,No,1900,1953,0,26,8,0,0,1931,,
1139,1,No,Yes,No,No,1926,2001,1,40,4,0,0,1952,,
1140,0,Yes,Yes,No,No,1896,1966,0,160,17,0,0,1934,,
1141,0,Yes,Yes,No,Yes,1892,1973,0,78,10,0,0,1929,,
1142,0,No,Yes,No,Yes,1972,2001,1,9,4,0,1,1990,,1997
1143,0,Yes,Yes,No,Yes,1967,2001,1,15,3,1,1,1993,1995,1995
1144,0,No,Yes,No,Yes,1958,2001,1,29,3,0,2,1985,,1992
1145,0,Yes,Yes,No,Yes,1902,1984,0,37,8,0,1,1930,,1935
1146,0,No,Yes,No,No,1925,2001,1,26,7,0,0,1952,,
1147,0,Yes,Yes,No,Yes,1964,2001,1,20,2,1,1,1984,1992,1992
1148,0,No,No,No,Yes,1929,2001,1,5,1,1,1,1957,1957,1957
1149,0,No,Yes,No,No,1910,2001,1,52,2,0,0,1931,,
1150,0,Yes,Yes,No,Yes,1906,1977,0,20,3,0,0,1949,,
1151,0,Yes,Yes,No,Yes,1926,2001,1,38,3,0,0,1944,,
1152,0,No,Yes,No,Yes,1903,1988,0,49,8,0,0,1949,,
1153,1,No,Yes,No,Yes,1877,1943,0,143,18,0,0,1914,,
1154,1,Yes,Yes,No,Yes,1890,1963,0,215,29,0,0,1915,,
1155,1,Yes,Yes,No,Yes,1920,1966,0,20,11,0,4,1948,,1948
1156,1,Yes,Yes,No,No,1888,1963,0,28,6,0,2,1936,,1942
1157,1,Yes,No,No,Yes,1937,2001,1,44,11,0,3,1971,,1987
1158,1,Yes,Yes,No,Yes,1889,1954,0,100,18,0,0,1931,,
1159,1,Yes,No,No,Yes,1929,1993,0,45,10,0,0,1964,,
1160,1,No,Yes,No,Yes,1932,2001,1,41,5,0,0,1961,,
1161,0,Yes,Yes,No,Yes,1939,1973,0,6,2,0,0,1955,,
1162,0,Yes,Yes,Yes,Yes,1905,1993,0,127,22,0,0,1925,,
1163,0,No,Yes,No,No,1905,1992,0,11,1,0,0,1950,,
1164,0,Yes,Yes,No,Yes,1888,1955,0,99,7,0,0,1935,,
1165,0,Yes,Yes,No,No,1950,2001,1,26,5,0,0,1973,,
1166,0,Yes,Yes,No,No,1920,1989,0,7,0,0,0,1970,,
1167,0,Yes,Yes,Yes,Yes,1906,1965,0,40,1,0,1,1927,,1930
1168,0,Yes,Yes,No,Yes,1926,2001,1,39,2,0,0,1942,,
1169,0,Yes,Yes,No,No,1960,2001,1,9,2,0,0,1986,,
1170,0,Yes,Yes,No,Yes,1921,1995,0,33,4,0,1,1929,,1956
1171,0,Yes,Yes,No,No,1921,1991,0,32,6,0,0,1951,,
1172,0,Yes,Yes,No,Yes,1928,2000,0,30,5,0,0,1950,,
1173,0,Yes,Yes,No,Yes,1928,2001,1,18,1,0,1,1949,,1950
1174,0,No,Yes,No,Yes,1934,2001,1,31,2,0,0,1954,,
1175,0,Yes,Yes,No,No,1905,1991,0,19,1,0,0,1924,,
1176,0,Yes,Yes,No,Yes,1900,1991,0,36,3,0,0,1941,,
1177,0,Yes,Yes,Yes,Yes,1938,1981,0,61,12,0,3,1943,,1955
1178,0,No,Yes,No,Yes,1963,2001,1,16,2,0,0,1984,,
1179,1,Yes,Yes,No,Yes,1937,2001,1,110,17,0,1,1970,,1976
1180,1,No,Yes,No,Yes,1905,1984,0,57,8,0,0,1938,,
1181,1,No,Yes,No,Yes,1920,2001,1,63,12,0,0,1948,,
1182,1,Yes,Yes,No,Yes,1905,1966,0,146,16,0,0,1938,,
1183,1,Yes,Yes,No,No,1921,1992,0,67,7,0,0,1949,,
1184,1,Yes,Yes,Yes,Yes,1931,1968,0,35,6,0,1,1952,,1963
1185,1,Yes,Yes,No,Yes,1940,2001,1,40,6,0,2,1974,,1991
1186,0,No,Yes,No,Yes,1945,2001,1,13,2,0,0,1967,,
1187,1,Yes,Yes,Yes,No,1964,2001,1,34,7,1,1,1982,1995,1995
1188,1,No,Yes,No,Yes,1928,2001,1,55,7,0,0,1954,,
1189,1,No,Yes,No,Yes,1929,2001,1,32,8,0,1,1972,,1994
1190,0,No,Yes,Yes,Yes,1924,2001,1,60,9,0,1,1943,,1954
1191,0,Yes,Yes,No,No,1952,2001,1,10,3,0,0,1988,,
1192,1,Yes,Yes,No,No,1930,2001,1,1,0,0,1,1986,,1984
1193,0,No,Yes,No,Yes,1941,2001,1,12,2,0,1,1969,,1987
1194,0,No,Yes,No,Yes,1900,1983,0,52,6,1,6,1920,1930,1930
1195,0,No,Yes,No,No,1898,1989,0,80,9,0,0,1932,,
1196,1,Yes,Yes,No,Yes,1879,1956,0,17,3,0,0,1945,,
1197,1,No,Yes,No,Yes,1905,1989,0,33,6,0,0,1937,,
1198,0,Yes,Yes,No,Yes,1902,1970,0,50,1,0,0,1932,,
1199,1,Yes,Yes,No,Yes,1894,1965,0,6,2,0,0,1950,,
1200,1,Yes,Yes,No,No,1896,1959,0,144,14,0,0,1924,,
1201,1,Yes,Yes,No,No,1892,1957,0,183,16,0,0,1914,,
1202,0,Yes,No,No,Yes,1942,2001,1,17,7,0,0,1977,,
1203,0,No,Yes,No,Yes,1916,2001,1,60,17,2,5,1935,1946,1939
1204,0,Yes,Yes,No,Yes,1931,2001,1,42,8,1,1,1964,1987,1987
1205,1,No,Yes,Yes,Yes,1932,2001,1,60,4,0,1,1958,,1962
1206,0,Yes,Yes,No,Yes,1906,1955,0,20,3,0,0,1931,,
1207,0,Yes,No,No,Yes,1954,2001,1,11,2,0,1,1985,,1985
1208,1,Yes,Yes,Yes,No,1928,2001,1,15,1,0,0,1955,,
1209,1,Yes,Yes,No,Yes,1915,1985,0,146,30,0,1,1929,,1941
1210,1,No,Yes,No,Yes,1901,1978,0,48,5,0,1,1928,,1948
1211,1,No,Yes,Yes,Yes,1922,1984,0,20,9,0,1,1949,,1965
1212,0,Yes,Yes,No,Yes,1888,1972,0,56,11,0,0,1915,,
1213,1,No,Yes,No,Yes,1906,1988,0,62,4,0,0,1940,,
1214,0,Yes,Yes,No,Yes,1957,2001,1,16,1,0,0,1988,,
1215,1,Yes,Yes,No,Yes,1903,1970,0,113,29,0,0,1934,,
1216,1,Yes,Yes,No,Yes,1923,2001,1,93,20,0,0,1954,,
1217,0,Yes,Yes,No,Yes,1892,1974,0,8,3,0,1,1941,,1941
1218,0,Yes,Yes,No,Yes,1921,2001,1,8,0,0,0,1946,,
1219,0,Yes,Yes,No,Yes,1926,2001,1,49,8,1,2,1947,1963,1961
1220,0,No,Yes,No,Yes,1925,2000,0,34,2,0,0,1943,,
1221,0,No,Yes,No,No,1934,2001,1,24,3,0,0,1961,,
1222,0,Yes,Yes,No,Yes,1946,2001,1,65,9,1,1,1955,1962,1962
1223,0,Yes,Yes,Yes,Yes,1945,2001,1,21,2,0,1,1956,,1956
1224,1,Yes,Yes,No,Yes,1944,2001,1,48,9,0,0,1971,,
1225,1,Yes,Yes,No,No,1920,1986,0,55,14,0,0,1948,,
1226,1,Yes,Yes,Yes,Yes,1952,2001,1,35,10,0,0,1982,,
1227,1,No,Yes,Yes,Yes,1895,1971,0,87,6,1,1,1928,1943,1943
1228,1,Yes,Yes,Yes,Yes,1936,2001,1,25,5,0,0,1964,,
1229,1,Yes,Yes,No,No,1939,2001,1,24,3,0,0,1968,,
1230,1,No,Yes,Yes,Yes,1895,1967,0,23,8,1,6,1929,1936,1929
1231,1,Yes,Yes,No,Yes,1925,2001,1,78,17,1,8,1953,1986,1958
1232,1,Yes,Yes,No,Yes,1922,2001,1,59,3,0,0,1950,,
1233,1,No,Yes,No,Yes,1963,2001,1,11,1,0,0,1986,,
1234,1,No,Yes,No,Yes,1878,1954,0,16,3,0,0,1941,,
1235,1,No,Yes,No,Yes,1922,2001,1,28,6,1,2,1926,1966,1966
1236,1,Yes,Yes,No,Yes,1908,1986,0,47,10,0,0,1941,,
1237,1,Yes,No,No,Yes,1941,2001,1,65,10,0,1,1969,,1972
1238,0,Yes,Yes,Yes,No,1911,1990,0,47,9,0,1,1929,,1943
1239,0,No,Yes,No,Yes,1965,2001,1,7,0,0,0,1983,,
1240,0,No,Yes,No,Yes,1940,2001,1,7,1,0,1,1966,,1989
1241,0,Yes,No,No,Yes,1918,1990,0,17,2,0,0,1947,,
1242,0,No,Yes,No,Yes,1907,1991,0,20,5,1,1,1933,1984,1984
1243,0,Yes,Yes,No,No,1925,1999,0,11,2,0,1,1952,,1958
1244,0,Yes,Yes,Yes,Yes,1920,2001,1,23,4,0,1,1942,,1955
1245,0,Yes,Yes,No,No,1892,1978,0,23,3,0,1,1919,,1965
1246,0,Yes,Yes,No,Yes,1915,1982,0,11,5,0,0,1935,,
1247,0,Yes,Yes,No,Yes,1949,2001,1,18,4,0,1,1974,,1978
1248,0,Yes,Yes,No,Yes,1940,2001,1,23,7,0,0,1971,,
1249,0,Yes,Yes,No,Yes,1916,2001,1,20,4,0,0,1955,,
1250,1,No,Yes,No,Yes,1920,1992,0,63,9,0,0,1954,,
1251,1,Yes,Yes,No,Yes,1945,2001,1,27,3,0,1,1984,,1993
1252,1,No,Yes,No,Yes,1920,1983,0,43,4,0,0,1937,,
1253,1,No,Yes,No,No,1912,1984,0,61,11,0,0,1936,,
1254,1,Yes,Yes,No,Yes,1922,1995,0,10,2,0,0,1964,,
1255,1,No,Yes,No,No,1913,1994,0,108,7,0,0,1939,,
1256,1,Yes,Yes,No,No,1927,2001,1,98,24,0,2,1958,,1960
1257,1,No,Yes,Yes,Yes,1916,1977,0,49,9,1,2,1938,1976,1971
1258,1,No,Yes,No,Yes,1953,2001,1,24,3,0,1,1973,,1977
1259,1,Yes,Yes,No,Yes,1939,2001,1,53,5,0,1,1963,,1997
1260,1,Yes,Yes,No,Yes,1917,1996,0,40,9,0,0,1941,,
1261,1,No,Yes,No,Yes,1946,2001,1,5,0,0,0,1977,,
1262,1,No,Yes,No,Yes,1932,2001,1,57,14,0,7,1955,,1962
1263,1,No,Yes,No,No,1925,1980,0,70,12,0,2,1951,,1964
1264,1,Yes,Yes,No,No,1912,1968,0,34,4,0,0,1951,,
1265,1,No,Yes,No,No,1921,2001,1,93,15,2,3,1940,1960,1951
1267,1,Yes,Yes,No,No,1913,1985,0,9,0,0,0,1955,,
1268,1,Yes,Yes,No,Yes,1894,1974,0,64,9,0,0,1920,,
1269,1,Yes,Yes,No,Yes,1932,2001,1,35,8,0,0,1970,,
1270,1,Yes,Yes,No,Yes,1930,2001,1,38,6,0,0,1968,,
1271,1,Yes,Yes,No,Yes,1925,2001,1,49,4,0,0,1951,,
1272,1,No,Yes,Yes,Yes,1905,1975,0,24,3,0,0,1938,,
1273,1,No,Yes,No,Yes,1930,2001,1,123,13,0,0,1949,,
1274,1,Yes,Yes,No,Yes,1890,1981,0,118,14,0,0,1914,,
1275,0,Yes,Yes,No,Yes,1920,1993,0,5,0,0,0,1948,,
1276,0,No,Yes,No,No,1938,2001,1,2,1,0,0,1964,,
1277,1,Yes,Yes,No,Yes,1887,1960,0,290,24,0,0,1931,,
1278,0,Yes,Yes,Yes,Yes,1932,2001,1,63,18,0,3,1950,,1961
1279,0,Yes,Yes,Yes,Yes,1956,2001,1,26,4,0,0,1976,,
1280,1,Yes,Yes,No,No,1888,1953,0,66,14,0,0,1931,,
1281,1,Yes,Yes,No,Yes,1949,2001,1,33,7,0,0,1977,,
1282,0,Yes,Yes,No,No,1915,1960,0,23,5,0,0,1935,,
1283,0,No,Yes,No,Yes,1932,2001,1,33,5,0,0,1952,,
1284,0,Yes,Yes,No,Yes,1908,1978,0,30,8,0,0,1935,,
1285,0,Yes,Yes,No,No,1967,2001,1,5,1,0,1,1976,,1977
1286,1,Yes,Yes,No,Yes,1944,2001,1,33,6,0,0,1977,,
1287,0,No,Yes,No,Yes,1927,1980,0,32,6,0,1,1953,,1963
1288,1,Yes,Yes,No,No,1899,1974,0,80,5,0,0,1930,,
1289,1,Yes,Yes,No,Yes,1904,1991,0,137,12,0,1,1931,,1937
1290,1,No,Yes,No,Yes,1962,2001,1,9,6,0,2,1991,,1993
1291,1,Yes,Yes,No,Yes,1916,1987,0,26,5,0,0,1952,,
1292,1,No,Yes,No,Yes,1902,1983,0,70,17,0,2,1933,,1949
1293,1,Yes,Yes,No,No,1899,1963,0,119,10,0,0,1937,,
1294,1,Yes,Yes,No,No,1918,2001,1,47,9,0,0,1938,,
1295,1,Yes,Yes,No,No,1953,2001,1,65,12,0,1,1968,,1973
1296,1,No,Yes,Yes,Yes,1940,1995,0,42,4,0,0,1969,,
1297,1,Yes,Yes,No,Yes,1890,1965,0,80,15,0,0,1941,,
1298,1,No,Yes,No,Yes,1926,1989,0,31,6,0,0,1957,,
1299,1,No,Yes,Yes,Yes,1908,1986,0,153,15,1,1,1929,1945,1945
1300,1,Yes,Yes,No,No,1902,1976,0,168,22,0,0,1938,,
1301,1,Yes,Yes,No,Yes,1905,1980,0,48,10,0,0,1939,,
1302,1,No,Yes,No,Yes,1896,1983,0,55,14,0,1,1931,,1940
1303,1,Yes,Yes,No,No,1895,1981,0,32,1,0,0,1924,,
1304,1,Yes,Yes,Yes,Yes,1919,2001,1,43,6,1,1,1944,1957,1957
1305,1,No,Yes,No,No,1903,1980,0,54,5,0,0,1931,,
1306,1,Yes,Yes,No,Yes,1901,1991,0,172,15,0,0,1922,,
1307,0,Yes,Yes,No,Yes,1937,2001,1,13,2,0,0,1967,,
1308,1,Yes,Yes,No,Yes,1939,2001,1,27,4,0,0,1964,,
1309,1,No,Yes,No,Yes,1908,1990,0,52,12,1,2,1930,1964,1963
1310,1,No,Yes,No,Yes,1920,2001,1,82,8,0,0,1944,,
1311,1,Yes,Yes,Yes,Yes,1899,1976,0,142,7,0,0,1925,,
1312,1,Yes,Yes,No,Yes,1895,1963,0,65,7,0,2,1916,,1928
1313,1,No,Yes,Yes,Yes,1925,1984,0,70,15,0,7,1949,,1952
1314,1,Yes,Yes,No,No,1931,1988,0,8,3,0,1,1966,,1970
1315,1,Yes,Yes,No,Yes,1935,2001,1,50,10,0,0,1960,,
1316,1,Yes,Yes,Yes,Yes,1894,1949,0,97,4,0,1,1917,,1931
1317,1,Yes,Yes,No,No,1947,2001,1,48,14,1,2,1967,1977,1977
1318,1,Yes,Yes,No,Yes,1929,2001,1,45,10,0,0,1963,,
1319,1,Yes,Yes,No,Yes,1920,2000,0,55,9,0,2,1966,,1978
1320,1,No,Yes,No,Yes,1932,2001,1,62,5,0,2,1959,,1963
1321,1,Yes,Yes,No,Yes,1926,1997,0,94,7,0,1,1943,,1971
1322,1,Yes,Yes,No,No,1928,2001,1,106,14,0,0,1936,,
1323,1,No,Yes,No,Yes,1918,2001,1,39,7,0,0,1950,,
1324,1,No,Yes,Yes,Yes,1919,2001,1,55,6,0,1,1949,,1949
1325,1,Yes,Yes,No,Yes,1914,2001,1,81,11,0,1,1947,,1947
1326,1,Yes,Yes,No,Yes,1954,2001,1,36,7,0,0,1981,,
1327,1,Yes,Yes,No,No,1956,1995,0,15,2,0,0,1980,,
1328,1,Yes,Yes,No,Yes,1931,2001,1,106,16,0,1,1956,,1983
1329,0,Yes,Yes,No,Yes,1918,1987,0,67,9,0,0,1935,,
1330,0,No,Yes,Yes,Yes,1931,2001,1,54,6,1,1,1945,1961,1961
1331,1,Yes,Yes,Yes,Yes,1970,1993,0,17,6,0,1,1985,,1988
1332,1,No,Yes,No,Yes,1950,2001,1,37,4,0,0,1980,,
1333,1,Yes,Yes,No,No,1923,1978,0,13,2,0,0,1931,,
1334,1,Yes,Yes,No,Yes,1943,2001,1,61,24,2,6,1968,1974,1974
1335,1,No,Yes,No,Yes,1905,1958,0,22,9,1,2,1933,1939,1938
1336,1,Yes,Yes,No,No,1965,2001,1,39,4,0,1,1970,,1992
1337,1,Yes,Yes,No,Yes,1930,2001,1,88,26,1,6,1962,1983,1972
1338,1,Yes,Yes,No,Yes,1885,1962,0,117,12,0,0,1926,,
1339,1,Yes,Yes,No,No,1883,1981,0,124,9,0,0,1931,,
1340,1,Yes,Yes,No,Yes,1941,2001,1,1,1,0,1,1986,,1997
1341,1,No,Yes,No,Yes,1925,2001,1,38,4,0,0,1958,,
1342,1,No,Yes,No,Yes,1951,2001,1,37,5,0,0,1980,,
1343,1,Yes,Yes,No,Yes,1917,1979,0,44,9,0,0,1946,,
1344,1,Yes,Yes,No,Yes,1930,2001,1,78,12,0,1,1956,,1985
1345,1,Yes,Yes,No,Yes,1917,1997,0,150,20,0,1,1943,,1945
1346,1,Yes,Yes,No,Yes,1904,1981,0,69,9,0,2,1926,,1937
1347,1,No,Yes,No,No,1908,1992,0,92,10,0,1,1938,,1938
1348,1,Yes,Yes,No,No,1955,2001,1,19,2,0,0,1984,,
1349,1,Yes,Yes,Yes,Yes,1917,1987,0,58,9,0,1,1938,,1982
1350,1,Yes,Yes,No,Yes,1937,2001,1,56,18,0,1,1959,,1973
1351,1,Yes,Yes,Yes,Yes,1932,1993,0,46,3,0,0,1958,,
1352,1,Yes,Yes,No,Yes,1909,1973,0,72,9,0,1,1940,,1947
1353,1,Yes,Yes,No,Yes,1927,1978,0,1,0,0,1,1952,,1966
1354,1,Yes,Yes,Yes,Yes,1919,2001,1,96,5,0,1,1939,,1956
1355,1,Yes,Yes,No,No,1913,1975,0,37,4,0,1,1942,,1953
1356,1,Yes,Yes,No,Yes,1932,2001,1,124,6,0,1,1955,,1959
1357,1,Yes,Yes,No,No,1951,2001,1,18,3,0,0,1980,,
1358,1,Yes,Yes,No,Yes,1907,1998,0,111,18,0,0,1924,,
1359,1,Yes,Yes,No,Yes,1924,2001,1,28,6,0,0,1971,,
1360,1,Yes,Yes,No,No,1952,2001,1,69,11,1,4,1971,1997,1987
1361,0,No,Yes,No,No,1950,2001,1,15,1,0,0,1978,,
1362,1,Yes,Yes,Yes,Yes,1925,1985,0,87,12,0,1,1948,,1956
1363,1,Yes,Yes,No,Yes,1925,2001,1,109,13,1,3,1950,1967,1954
1364,1,No,Yes,No,Yes,1906,1976,0,31,7,0,0,1931,,
1365,1,No,Yes,No,No,1887,1953,0,68,13,0,1,1922,,1937
1366,1,No,Yes,Yes,No,1924,2001,1,34,4,0,1,1937,,1968
1367,1,Yes,Yes,No,Yes,1946,2001,1,43,7,0,0,1976,,
1368,0,No,Yes,No,No,1926,2001,1,28,3,0,0,1945,,
1369,1,Yes,Yes,No,Yes,1942,2001,1,23,3,0,0,1980,,
1370,1,No,Yes,No,Yes,1891,1958,0,56,19,1,4,1917,1947,1930
1371,0,Yes,Yes,No,Yes,1946,2001,1,19,3,0,1,1971,,1975
1372,0,Yes,Yes,No,Yes,1934,2001,1,4,2,0,0,1936,,
1373,0,Yes,No,No,Yes,1938,1995,0,31,3,0,0,1971,,
1374,0,No,Yes,No,Yes,1884,1959,0,17,4,0,0,1916,,
1375,0,Yes,Yes,No,No,1908,1976,0,54,9,0,4,1934,,1942
1376,0,Yes,Yes,No,Yes,1959,2001,1,48,8,0,0,1977,,
1377,1,Yes,Yes,No,No,1892,1962,0,96,12,0,0,1929,,
1378,1,Yes,Yes,No,Yes,1925,2001,1,48,4,0,0,1961,,
1379,0,Yes,Yes,No,Yes,1932,2001,1,15,8,0,0,1968,,
1380,0,Yes,Yes,No,Yes,1906,2000,0,43,2,0,0,1930,,
1381,0,Yes,Yes,No,No,1875,1955,0,17,3,0,0,1935,,
1382,0,Yes,Yes,No,Yes,1913,2001,0,50,3,0,0,1931,,
1383,0,No,Yes,No,Yes,1930,2001,1,16,4,0,1,1954,,1994
1384,0,No,Yes,No,Yes,1925,2001,1,24,7,0,0,1957,,
1385,1,No,No,No,Yes,1942,2001,1,24,3,0,0,1974,,
1386,0,Yes,Yes,No,Yes,1964,2001,1,10,1,0,1,1989,,1993
1387,0,Yes,Yes,No,Yes,1929,1995,0,5,0,0,0,1974,,
1388,1,Yes,Yes,No,Yes,1900,1975,0,93,12,0,0,1942,,
1389,1,Yes,Yes,No,Yes,1935,2001,1,42,8,0,2,1963,,1971
1390,1,Yes,Yes,No,Yes,1900,1969,0,5,3,0,0,1947,,
1391,0,Yes,Yes,No,Yes,1899,1987,0,20,1,0,0,1942,,
1392,1,Yes,Yes,No,Yes,1895,1987,0,15,0,0,0,1914,,
1393,1,Yes,Yes,No,Yes,1913,1982,0,18,7,0,0,1951,,
1394,1,Yes,Yes,No,Yes,1927,1973,0,7,2,0,1,1959,,1969
1395,1,Yes,Yes,No,Yes,1934,2001,1,62,18,0,1,1948,,1957
1396,1,Yes,Yes,No,Yes,1897,1965,0,25,2,0,0,1943,,
1397,0,Yes,Yes,No,Yes,1893,1961,0,27,2,0,2,1928,,1929
1398,0,Yes,Yes,Yes,No,1896,1985,0,39,8,1,2,1920,1968,1965
1399,0,Yes,Yes,Yes,Yes,1914,2001,1,44,11,0,1,1937,,1940
1400,1,Yes,Yes,No,No,1941,2001,1,27,6,0,1,1969,,1970
1401,1,Yes,Yes,No,Yes,1939,1976,0,36,4,0,2,1954,,1955
1402,0,Yes,Yes,No,Yes,1908,1978,0,64,3,0,0,1927,,
1403,0,Yes,Yes,No,Yes,1946,2001,1,37,6,2,2,1967,1979,1979
1404,0,Yes,Yes,No,No,1938,2001,1,62,4,0,1,1957,,1970
1405,0,Yes,Yes,No,Yes,1944,2001,1,68,7,0,1,1960,,1973
1406,1,No,Yes,No,No,1900,1969,0,6,1,0,0,1956,,
1407,1,Yes,Yes,No,Yes,1891,1984,0,45,14,0,1,1932,,1950
1408,1,Yes,Yes,Yes,Yes,1943,2001,1,28,5,0,1,1968,,1983
1409,1,Yes,Yes,No,Yes,1940,2001,1,69,13,0,1,1966,,1984
1410,0,No,Yes,No,Yes,1939,2001,1,45,1,0,1,1962,,1965
1411,0,No,Yes,No,No,1943,2001,1,3,1,0,0,1967,,
1412,0,Yes,Yes,No,Yes,1970,2001,1,19,2,0,0,1988,,
1413,1,Yes,No,No,Yes,1948,2001,1,50,11,0,1,1981,,1989
1414,0,Yes,Yes,No,Yes,1937,1992,0,25,2,1,1,1961,1966,1966
1415,0,No,Yes,No,Yes,1879,1950,0,50,8,0,1,1929,,1941
1416,0,No,Yes,No,Yes,1941,2001,1,33,3,0,1,1962,,1970
1417,1,Yes,Yes,No,Yes,1924,1985,0,78,5,0,0,1948,,
1418,1,No,Yes,No,No,1930,2001,1,74,11,1,1,1950,1987,1987
1419,1,Yes,Yes,No,Yes,1960,2001,1,33,8,0,2,1980,,1995
1420,1,No,No,No,Yes,1889,1973,0,37,3,0,1,1913,,1957
1421,1,Yes,Yes,No,No,1940,1986,0,17,5,0,0,1968,,
1422,1,Yes,Yes,No,Yes,1935,2001,1,75,8,0,1,1960,,1968
1423,0,No,Yes,No,No,1957,2001,1,40,1,0,0,1983,,
1424,0,Yes,Yes,No,Yes,1957,2001,1,38,2,0,1,1980,,1995
1425,1,Yes,Yes,No,No,1924,2001,1,6,2,0,0,1959,,
1426,1,Yes,Yes,Yes,Yes,1907,1997,0,75,7,0,0,1936,,
1427,0,Yes,Yes,No,No,1949,2001,1,34,10,0,0,1970,,
1428,0,Yes,Yes,Yes,Yes,1922,2001,1,131,20,2,4,1943,1959,1951
1429,0,Yes,Yes,Yes,Yes,1907,1992,0,8,2,1,1,1952,1952,1952
1430,0,Yes,Yes,No,Yes,1934,2001,1,43,6,1,1,1946,1952,1960
1431,0,Yes,Yes,No,Yes,1937,2001,1,56,8,0,2,1959,,1960
1432,0,Yes,Yes,Yes,No,1934,2001,1,57,14,1,5,1955,1983,1958
1433,1,Yes,Yes,No,No,1939,2001,1,43,3,0,0,1962,,
1434,1,Yes,Yes,No,No,1895,1962,0,175,13,0,0,1930,,
1435,1,No,No,No,No,1913,1976,0,121,12,0,0,1947,,
1436,1,Yes,No,No,Yes,1924,2001,1,56,14,1,2,1950,1963,1958
1437,0,Yes,Yes,No,No,1949,2001,1,27,8,0,3,1977,,1983
1438,1,No,Yes,No,Yes,1949,2001,1,23,4,0,0,1984,,
1439,0,No,Yes,Yes,Yes,1921,1985,0,64,9,1,2,1937,1959,1959
1440,0,Yes,Yes,No,Yes,1949,2001,1,36,6,1,5,1972,1980,1976
1441,1,No,Yes,Yes,No,1886,1962,0,90,8,0,0,1915,,
1442,0,Yes,Yes,No,Yes,1947,2001,1,25,2,0,1,1968,,1968
1443,0,No,Yes,Yes,Yes,1934,2001,1,86,5,1,2,1950,1961,1961
1444,1,Yes,Yes,No,Yes,1900,1967,0,79,29,2,9,1930,1937,1936
1445,0,Yes,Yes,No,No,1893,1971,0,99,15,0,1,1933,,1938
1446,0,Yes,Yes,No,Yes,1954,2001,1,10,2,0,0,1978,,
1447,0,Yes,Yes,No,Yes,1941,2001,1,71,4,0,0,1963,,
1448,1,Yes,Yes,No,No,1931,1991,0,27,2,0,0,1969,,
1449,1,No,Yes,No,No,1890,1982,0,66,12,0,1,1933,,1964
1450,1,Yes,Yes,No,Yes,1926,2001,1,29,6,0,0,1957,,
1451,0,Yes,Yes,No,Yes,1937,2001,1,5,2,0,0,1955,,
1452,0,Yes,Yes,Yes,Yes,1936,2001,1,85,4,0,0,1959,,
1453,1,No,Yes,No,Yes,1951,2001,1,36,8,0,0,1972,,
1454,1,No,Yes,No,Yes,1943,2001,1,29,4,0,1,1970,,1992
1455,1,Yes,Yes,No,No,1921,2000,0,62,7,0,0,1949,,
1456,1,Yes,Yes,No,Yes,1958,2001,1,50,13,0,0,1986,,
1457,1,Yes,Yes,No,Yes,1930,1980,0,40,12,0,1,1956,,1966
1458,0,Yes,Yes,Yes,Yes,1944,2001,1,40,5,0,1,1971,,1993
1459,1,Yes,Yes,No,No,1903,1967,0,1,0,0,1,1930,,1936
1460,1,Yes,Yes,No,No,1946,2001,1,36,3,0,0,1977,,
1461,1,Yes,Yes,No,Yes,1928,2001,1,121,10,0,1,1951,,1961
1462,0,Yes,Yes,No,Yes,1945,2001,1,29,8,0,0,1970,,
1463,0,Yes,Yes,Yes,Yes,1918,1975,0,65,7,1,5,1929,1958,1947
1464,0,Yes,Yes,Yes,Yes,1946,1984,0,6,2,0,0,1980,,
1465,0,Yes,Yes,No,Yes,1936,2001,1,10,1,0,1,1955,,1959
1466,0,Yes,Yes,No,Yes,1937,1990,0,28,7,0,0,1957,,
1467,0,Yes,Yes,Yes,Yes,1921,1952,0,18,2,0,1,1940,,1942
1468,0,Yes,Yes,Yes,Yes,1946,2001,1,54,13,1,5,1970,1995,1981
1469,0,Yes,Yes,No,Yes,1946,2001,1,51,2,0,1,1971,,1972
1470,0,No,Yes,Yes,Yes,1941,2001,1,64,7,0,1,1960,,1969
1471,0,Yes,Yes,No,Yes,1958,2001,1,20,3,0,0,1985,,
1472,0,Yes,Yes,No,Yes,1944,2001,1,32,7,0,0,1977,,
1473,1,No,Yes,No,Yes,1879,1954,0,26,4,0,1,1941,,1941
1474,1,Yes,Yes,No,Yes,1934,2001,1,36,11,0,0,1962,,
1475,1,Yes,Yes,No,Yes,1946,2001,1,40,4,0,1,1971,,1976
1476,0,Yes,Yes,No,No,1926,2001,1,28,5,0,2,1960,,1969
1477,0,Yes,Yes,Yes,Yes,1910,1999,0,60,8,0,1,1927,,1937
1478,1,No,Yes,No,No,1884,1955,0,46,6,0,0,1932,,
1479,1,Yes,Yes,No,Yes,1940,2001,1,11,2,0,0,1972,,
1480,0,No,Yes,No,Yes,1908,1959,0,36,6,0,0,1932,,
1481,0,Yes,Yes,Yes,Yes,1946,2001,1,34,7,0,2,1968,,1974
1482,0,Yes,Yes,No,Yes,1897,1983,0,18,5,0,0,1935,,
1483,0,Yes,Yes,Yes,Yes,1940,1998,0,2,1,0,0,1970,,
1484,0,Yes,Yes,No,Yes,1963,2001,1,11,2,1,1,1973,1973,1973
1485,1,Yes,Yes,No,No,1935,1996,0,13,2,0,0,1961,,
1486,1,Yes,Yes,No,Yes,1924,1994,0,97,10,0,1,1960,,1962
1487,1,No,Yes,No,Yes,1939,2001,1,42,2,0,1,1962,,1962
1488,0,Yes,Yes,No,Yes,1918,2001,1,41,9,1,3,1941,1942,1941
1489,0,Yes,Yes,No,No,1949,2001,1,76,14,0,1,1963,,1977
1490,0,Yes,Yes,No,No,1956,2001,1,19,2,0,0,1980,,
1491,0,Yes,Yes,Yes,Yes,1929,2001,1,53,7,0,1,1940,,1944
1492,1,Yes,Yes,No,Yes,1952,2001,1,51,10,0,0,1974,,
1493,0,Yes,Yes,Yes,Yes,1950,2001,1,32,4,0,1,1981,,1983
1494,1,Yes,Yes,No,Yes,1926,1978,0,24,5,0,0,1957,,
1495,0,Yes,Yes,No,No,1905,1969,0,33,12,0,6,1947,,1950
1496,1,No,Yes,No,Yes,1924,2001,1,68,10,0,1,1951,,1958
1497,0,Yes,Yes,No,Yes,1910,1985,0,42,11,0,0,1930,,
1498,0,Yes,Yes,No,Yes,1955,2001,1,12,1,0,0,1978,,
1499,1,Yes,Yes,No,Yes,1905,1971,0,58,7,0,1,1942,,1947
1500,1,Yes,Yes,No,Yes,1892,1962,0,73,20,1,2,1923,1939,1937
1501,1,Yes,Yes,No,Yes,1914,1986,0,7,2,0,0,1966,,
1502,1,No,Yes,No,Yes,1961,2001,1,30,5,0,1,1981,,1995
1503,1,Yes,Yes,No,Yes,1951,2001,1,48,6,0,0,1971,,
1504,1,Yes,Yes,No,Yes,1960,2001,1,33,5,1,1,1978,1980,1980
1505,0,Yes,No,No,No,1938,2001,1,30,4,0,0,1966,,
1506,0,Yes,Yes,No,Yes,1955,2001,1,14,3,0,0,1970,,
1507,1,Yes,No,No,No,1956,2001,1,15,2,0,0,1977,,
1508,1,Yes,Yes,No,Yes,1950,2001,1,38,8,0,1,1976,,1986
1509,1,No,Yes,No,Yes,1941,2001,1,31,5,0,1,1975,,1983
1510,1,No,Yes,No,Yes,1937,2001,1,20,4,0,2,1962,,1965
1511,1,Yes,Yes,Yes,Yes,1962,2001,1,25,5,0,3,1981,,1989
1512,1,Yes,Yes,No,No,1956,2001,1,46,11,2,5,1980,1993,1988
1513,1,Yes,Yes,No,Yes,1953,2001,1,19,4,0,1,1977,,1984
1514,1,Yes,Yes,No,Yes,1928,1991,0,16,3,0,0,1962,,
1515,1,Yes,Yes,No,Yes,1908,1982,0,50,6,0,1,1932,,1954
1516,1,No,No,Yes,Yes,1937,2001,1,60,3,0,0,1959,,
1517,1,Yes,Yes,No,Yes,1946,2001,1,46,10,1,2,1970,1993,1970
1518,1,Yes,Yes,Yes,Yes,1925,2001,1,132,11,0,1,1948,,1958
1519,1,Yes,Yes,No,Yes,1936,2001,1,48,8,0,0,1969,,
1520,1,Yes,Yes,No,No,1939,2001,1,30,7,0,0,1965,,
1521,1,Yes,Yes,No,No,1935,2001,1,1,0,0,1,1988,,1971
1522,0,No,Yes,No,No,1959,2001,1,15,1,0,0,1984,,
1523,1,Yes,Yes,No,Yes,1942,2001,1,49,9,0,0,1973,,
1524,0,No,Yes,No,No,1964,2001,1,15,6,0,0,1984,,
1525,1,No,Yes,No,Yes,1916,1988,0,103,12,0,1,1944,,1960
1526,1,Yes,Yes,No,No,1935,1988,0,1,0,0,0,1986,,
1527,0,Yes,Yes,No,Yes,1943,2001,1,39,7,0,1,1956,,1977
1528,0,No,Yes,No,No,1934,2001,1,13,4,0,0,1969,,
1529,0,Yes,Yes,No,No,1970,2001,1,21,4,0,1,1987,,1994
1530,0,Yes,Yes,No,No,1903,1986,0,94,9,0,1,1923,,1952
1531,0,No,Yes,No,Yes,1906,1973,0,28,3,0,0,1927,,
1532,0,No,Yes,No,Yes,1924,2001,1,53,4,0,1,1942,,1974
1533,0,Yes,Yes,No,No,1940,2001,1,35,2,0,0,1956,,
1534,0,Yes,Yes,No,Yes,1944,2001,1,28,3,0,1,1972,,1974
1535,1,Yes,Yes,No,Yes,1910,1971,0,60,7,1,1,1936,1942,1942
1536,0,No,Yes,No,Yes,1918,1990,0,32,2,0,0,1953,,
1537,0,No,Yes,No,Yes,1928,1999,0,20,3,0,0,1944,,
1538,0,No,Yes,No,Yes,1937,2001,1,70,11,1,6,1958,1977,1966
1539,0,Yes,Yes,Yes,Yes,1929,2001,1,90,9,0,0,1946,,
1540,1,Yes,Yes,No,No,1938,1982,0,40,3,0,1,1962,,1962
1541,1,Yes,Yes,No,Yes,1934,1989,0,28,2,0,0,1961,,
1542,1,Yes,Yes,No,Yes,1897,1979,0,102,17,0,0,1932,,
1543,1,Yes,Yes,No,Yes,1913,1999,0,58,9,0,0,1939,,
1544,1,No,Yes,No,Yes,1883,1959,0,99,12,1,2,1921,1935,1935
1545,1,Yes,Yes,No,Yes,1925,2001,1,18,2,0,0,1952,,
1546,1,No,Yes,No,No,1933,2001,1,26,4,0,0,1962,,
1547,1,Yes,Yes,No,Yes,1914,1958,0,16,1,0,0,1944,,
1548,1,No,Yes,Yes,Yes,1922,1992,0,46,4,0,2,1945,,1961
1549,1,No,Yes,No,Yes,1964,2001,1,18,3,0,0,1986,,
1550,0,Yes,Yes,No,Yes,1894,1979,0,122,19,0,0,1936,,
1551,0,Yes,Yes,No,Yes,1910,1982,0,74,5,0,0,1929,,
1552,0,Yes,No,No,Yes,1925,2001,1,31,4,0,0,1962,,
1553,0,Yes,Yes,Yes,Yes,1917,1996,0,54,11,0,0,1943,,
1554,0,Yes,Yes,No,Yes,1919,1986,0,19,1,0,0,1939,,
1555,0,Yes,Yes,No,Yes,1917,1986,0,45,13,0,0,1946,,
1556,0,Yes,Yes,No,Yes,1917,2001,1,93,5,0,0,1926,,
1557,0,Yes,Yes,Yes,Yes,1924,1984,0,24,2,0,0,1935,,
1558,0,Yes,Yes,No,No,1925,2001,1,13,1,0,0,1945,,
1559,1,No,Yes,No,Yes,1894,1974,0,109,19,0,1,1937,,1957
1560,0,No,Yes,No,Yes,1933,2001,1,14,3,0,0,1958,,
1561,0,No,Yes,Yes,Yes,1913,1967,0,17,5,2,2,1935,1939,1939
1562,0,No,Yes,Yes,Yes,1929,1982,0,11,2,0,1,1966,,1966
1563,0,Yes,Yes,No,Yes,1900,1961,0,32,0,0,0,1920,,
1564,1,Yes,Yes,No,Yes,1885,1949,0,114,17,1,2,1915,1932,1930
1565,1,Yes,Yes,No,Yes,1894,1974,0,148,25,3,4,1927,1936,1936
1566,1,Yes,Yes,No,No,1909,1984,0,25,6,0,0,1948,,
1567,1,Yes,Yes,No,No,1906,2001,1,11,2,0,0,1938,,
1568,1,No,Yes,Yes,Yes,1884,1950,0,52,15,1,4,1929,1938,1936
1569,1,Yes,Yes,Yes,No,1920,2000,0,75,16,1,3,1950,1966,1966
1570,1,No,Yes,Yes,Yes,1897,1984,0,116,14,0,2,1926,,1942
1571,1,Yes,Yes,No,Yes,1889,1951,0,97,4,1,1,1918,1929,1929
1572,1,Yes,Yes,Yes,No,1938,2001,1,26,8,0,4,1961,,1967
1573,1,Yes,Yes,No,Yes,1934,1974,0,15,7,0,0,1960,,
1574,1,Yes,Yes,No,Yes,1927,2001,1,20,2,0,0,1959,,
1575,1,Yes,Yes,No,Yes,1914,1968,0,43,4,0,0,1947,,
1576,0,No,Yes,No,Yes,1912,2001,1,30,10,1,3,1933,1958,1938
1577,1,No,Yes,No,Yes,1920,2000,0,21,3,0,0,1956,,
1578,0,Yes,No,No,No,1955,2001,1,62,5,1,2,1985,1990,1985
1579,1,Yes,Yes,No,Yes,1934,2001,1,48,6,0,0,1979,,
1580,1,Yes,Yes,No,Yes,1916,1990,0,12,3,0,0,1949,,
1581,1,Yes,Yes,No,Yes,1955,2001,1,40,5,0,2,1981,,1986
1582,1,Yes,Yes,No,Yes,1916,1997,0,35,9,0,0,1941,,
1583,1,Yes,Yes,No,Yes,1906,1964,0,66,6,0,1,1942,,1942
1584,1,No,Yes,No,No,1916,1987,0,44,6,0,0,1942,,
1585,1,Yes,Yes,No,Yes,1912,1989,0,43,5,0,0,1943,,
1586,1,Yes,Yes,No,Yes,1888,1947,0,243,17,0,0,1917,,
1587,1,Yes,Yes,No,No,1892,1983,0,141,15,0,1,1926,,1946
1588,1,Yes,Yes,No,Yes,1885,1981,0,65,14,0,0,1934,,
1589,1,Yes,Yes,No,Yes,1902,1989,0,149,21,0,0,1932,,
1590,1,Yes,Yes,No,Yes,1905,1979,0,98,7,0,1,1922,,1940
1591,1,Yes,Yes,No,Yes,1950,2001,1,36,9,0,1,1980,,1995
1592,1,Yes,Yes,No,Yes,1928,1997,0,48,9,0,1,1957,,1957
1593,1,Yes,Yes,Yes,Yes,1918,1981,0,76,21,1,3,1938,1953,1950
1594,1,Yes,Yes,No,Yes,1950,2001,1,32,6,1,3,1980,1985,1985
1595,1,Yes,Yes,No,No,1922,1993,0,13,2,0,0,1959,,
1596,1,Yes,Yes,No,Yes,1892,1984,0,98,15,0,3,1922,,1934
1597,1,Yes,Yes,No,Yes,1913,1996,0,61,10,0,0,1943,,
1598,1,Yes,Yes,No,Yes,1922,2001,1,92,19,0,0,1949,,
1599,1,No,Yes,No,No,1931,2001,1,185,46,0,0,1957,,
1600,1,No,Yes,No,Yes,1891,1946,0,53,6,0,0,1925,,
1601,1,Yes,Yes,No,No,1933,2001,1,37,3,0,0,1979,,
1602,0,Yes,Yes,Yes,Yes,1971,2001,1,19,3,0,2,1986,,1993
1603,1,Yes,Yes,Yes,No,1935,2001,1,42,18,0,1,1965,,1977
1604,1,Yes,Yes,No,Yes,1961,2001,1,23,3,0,1,1978,,1996
1605,0,No,Yes,No,Yes,1906,1984,0,49,7,0,0,1927,,
1606,1,No,Yes,Yes,No,1915,1985,0,43,6,1,1,1949,1956,1956
1607,0,Yes,Yes,No,Yes,1936,2001,1,14,1,0,0,1957,,
1608,0,No,Yes,Yes,No,1922,2001,1,92,11,0,0,1942,,
1609,0,Yes,Yes,No,Yes,1938,2001,1,7,0,0,0,1956,,
1610,0,Yes,Yes,No,No,1898,1963,0,196,12,0,0,1917,,
1611,1,No,Yes,No,Yes,1969,2001,1,17,2,0,1,1990,,2000
1612,1,No,Yes,No,No,1966,2001,1,13,0,0,0,1974,,
1613,1,No,No,No,Yes,1964,2001,1,7,0,0,0,1990,,
1614,1,Yes,Yes,Yes,No,1930,2001,1,31,2,0,0,1957,,
1615,1,Yes,Yes,Yes,Yes,1950,2001,1,38,4,0,0,1970,,
1616,1,No,Yes,Yes,Yes,1945,2001,1,17,2,0,0,1984,,
1617,1,Yes,Yes,No,No,1948,2001,1,50,2,0,0,1968,,
1618,1,No,Yes,No,Yes,1967,2001,1,21,2,1,1,1988,2000,2000
1619,1,Yes,No,No,Yes,1964,2001,1,19,5,0,0,1985,,
1620,1,Yes,Yes,Yes,Yes,1942,2001,1,76,5,0,0,1980,,
1621,1,No,Yes,No,No,1974,2001,1,13,1,0,1,1986,,2000
1622,0,No,Yes,No,Yes,1967,2001,1,9,1,0,0,1996,,
1623,0,Yes,Yes,No,No,1941,2001,1,33,4,0,0,1965,,
1624,0,Yes,Yes,No,No,1964,2001,1,17,5,0,1,1992,,2000
1625,0,Yes,Yes,Yes,No,1960,2001,1,11,1,0,0,1986,,
1626,0,Yes,Yes,No,Yes,1958,2001,1,29,2,0,0,1988,,
1627,0,Yes,Yes,No,Yes,1959,2001,1,26,1,1,1,1986,2000,2000
1628,0,Yes,Yes,No,Yes,1979,2001,1,7,1,0,1,1998,,2000
1629,0,Yes,Yes,No,Yes,1980,2001,1,2,1,0,0,1999,,
1630,0,Yes,Yes,No,Yes,1974,2001,1,26,4,0,0,1985,,
1631,0,No,Yes,No,Yes,1940,2001,1,1,1,0,0,2000,,
2001,1,No,Yes,No,No,1952,2001,1,23,2,1,1,1977,1998,1998
2002,1,No,Yes,No,Yes,1933,2001,1,48,5,0,0,1954,,
2003,1,Yes,Yes,No,No,1964,2001,1,28,4,0,0,1989,,
2004,1,No,Yes,No,Yes,1939,2001,1,33,6,0,1,1969,,1998
2005,1,Yes,Yes,No,Yes,1945,2001,1,58,3,0,0,1970,,
2006,1,Yes,Yes,No,No,1928,2001,1,86,14,1,1,1956,1998,1998
2007,1,Yes,Yes,No,Yes,1977,2001,1,12,2,0,0,1991,,
2008,1,Yes,Yes,No,Yes,1940,2001,1,27,5,0,0,1972,,
2009,1,Yes,Yes,No,Yes,1955,2001,1,41,9,0,0,1983,,
2010,0,No,Yes,No,Yes,1969,2001,1,5,0,0,1,1996,,1998
2011,0,Yes,Yes,No,Yes,1965,2001,1,11,0,0,0,1982,,
2012,0,No,Yes,Yes,Yes,1929,2001,1,4,1,0,1,1970,,1998
2013,0,No,Yes,No,No,1943,2001,1,8,2,0,0,1981,,
2014,0,Yes,Yes,No,Yes,1973,2001,1,21,3,1,1,1991,1998,1998
2015,0,Yes,Yes,No,Yes,1969,2001,1,12,1,0,0,1992,,
2016,0,No,Yes,No,Yes,1964,2001,1,16,1,0,0,1988,,
2017,0,No,Yes,No,No,1968,2001,1,12,2,0,1,1994,,1998
2018,0,No,Yes,Yes,Yes,1961,2001,1,27,4,0,0,1983,,
3001,1,No,Yes,No,Yes,1964,2001,1,21,3,1,2,1991,2000,1999
3002,1,Yes,Yes,No,No,1954,2001,1,7,3,0,0,1989,,
3003,1,Yes,Yes,No,Yes,1926,2001,1,100,18,0,0,1950,,
3004,1,No,Yes,No,Yes,1959,2001,1,31,1,0,0,1987,,
3005,1,Yes,Yes,No,Yes,1962,2001,1,17,4,0,0,1982,,
3006,1,Yes,Yes,No,No,1952,2001,1,24,4,0,0,1979,,
3007,1,Yes,Yes,No,No,1965,2001,1,23,4,0,0,1989,,
3008,1,Yes,No,No,Yes,1957,2001,1,4,1,0,1,1998,,1999
3009,1,No,Yes,No,Yes,1972,2001,1,11,1,0,1,1994,,1999
3010,1,Yes,Yes,No,No,1988,2001,1,6,1,0,1,1994,,1999
3011,1,Yes,Yes,No,No,1986,2001,1,5,0,0,0,1998,,
3012,0,Yes,Yes,No,No,1961,2001,1,19,2,0,0,1993,,
3013,0,No,Yes,No,Yes,1962,2001,1,11,2,0,1,1986,,1999
3014,0,Yes,Yes,No,No,1930,2001,1,37,9,0,0,1955,,
3015,0,Yes,Yes,No,Yes,1974,2001,1,8,0,1,1,1992,1999,1999
3016,0,Yes,Yes,No,Yes,1974,2001,1,9,0,0,1,1995,,1999
3017,0,Yes,Yes,No,Yes,1961,2001,1,4,2,0,0,1991,,
3018,0,No,Yes,No,No,1972,2001,1,14,0,0,1,1991,,1999
3019,0,No,Yes,No,Yes,1968,2001,1,4,1,0,0,1997,,
3020,0,Yes,Yes,No,Yes,1975,2001,1,15,0,1,1,1993,1999,1999
3021,0,Yes,Yes,No,Yes,1977,2001,1,5,0,0,0,1998,,
3022,0,Yes,Yes,No,No,1959,2001,1,18,3,0,1,1986,,1999
3023,0,No,Yes,No,Yes,1977,2001,1,7,0,0,1,1997,,1999
